CUST_NUM,AGE,GENDER,MARITAL,HAVE_CHILD,EDU_LEVEL,CODE,3YEAR_RETURN,STD_DEV,DIVIDEND,ASSET_CLASS,product_index
1,1966-04-09,0,MARRIED,N,0,10200100084,0.1777,0.1279,0.0021,3499961,0
2,1987-03-01,1,MARRIED,N,0,10200100109,0.1777,0.1279,0.0021,1082060,1
3,1964-05-30,1,MARRIED,Y,0,10200100092,0.0908,0.2532,0.0001,2684496,2
4,1999-02-05,1,MARRIED,N,0,10200100051,-0.0021,0.0864,0.036,1153932,3
5,1976-05-09,1,SINGLE,Y,0,10200100051,-0.0716,0.2688,0.0249,1826266,3
6,2002-03-12,0,SINGLE,Y,0,10200100104,-0.0716,0.2688,0.0249,1895770,4
7,1998-11-19,0,SINGLE,Y,0,10200100104,-0.0716,0.2688,0.0249,2833426,4
8,1986-04-16,0,SINGLE,N,0,10200100104,0.1844,0.0897,0.0234,1264578,4
9,1970-03-27,0,SINGLE,N,0,10200100084,0.1844,0.0897,0.0234,2471627,0
10,1967-08-29,0,SINGLE,N,0,10200100092,0.1844,0.0897,0.0234,4303544,2
11,1991-12-24,0,SINGLE,Y,0,10200100104,-0.0417,0.1542,0.0071,2758600,4
12,1982-07-05,1,SINGLE,Y,0,10200100104,-0.0417,0.1542,0.0071,2813214,4
13,1996-04-23,1,SINGLE,Y,0,10200100051,0.1159,0.2569,0.0382,3678156,3
14,1988-07-08,1,SINGLE,Y,0,10200100084,0.1159,0.2569,0.0382,2193739,0
15,2004-02-14,1,SINGLE,Y,0,10200100092,0.1159,0.2569,0.0382,1572934,2
16,1999-12-29,1,SINGLE,Y,0,10200100084,0.1159,0.2569,0.0382,4636541,0
17,1991-12-30,1,MARRIED,Y,0,10200100084,0.0964,0.2235,0.0003,2165543,0
18,1974-03-07,1,MARRIED,Y,0,10200100051,0.0964,0.2235,0.0003,1736467,3
19,1987-02-12,1,MARRIED,Y,0,10200100109,0.0964,0.2235,0.0003,5356222,1
20,1992-12-20,1,MARRIED,Y,0,10200100109,0.0964,0.2235,0.0003,4651860,1
21,1989-08-31,1,MARRIED,N,0,10200100092,-0.0084,0.2185,0.0359,5162184,2
22,1984-05-02,0,MARRIED,N,0,10200100104,-0.0084,0.2185,0.0359,3765467,4
23,1980-02-01,0,MARRIED,N,0,10200100084,-0.0084,0.2185,0.0359,2882895,0
24,1984-08-26,0,MARRIED,N,0,10200100109,-0.0084,0.2185,0.0359,3527578,1
25,1971-04-11,0,SINGLE,Y,0,10200100092,0.1749,0.2551,0.0265,3850421,2
26,1987-01-14,1,SINGLE,N,0,10200100104,-0.08,0.2883,0.0488,1485740,4
27,1995-11-07,1,SINGLE,N,0,10200100092,-0.08,0.2883,0.0488,3151161,2
28,1988-07-17,1,SINGLE,N,0,10200100092,-0.08,0.2883,0.0488,5229592,2
29,1969-06-06,1,SINGLE,Y,0,10200100084,0.0168,0.2381,0.034,1422916,0
30,1971-11-29,0,SINGLE,Y,0,10200100109,0.0168,0.2381,0.034,2487443,1
31,1989-08-26,0,SINGLE,Y,0,10200100104,0.0168,0.2381,0.034,1008779,4
32,1965-10-07,0,SINGLE,Y,0,10200100084,0.0168,0.2381,0.034,2397649,0
33,1999-10-20,0,SINGLE,Y,0,10200100109,-0.0543,0.1898,0.0001,5465485,1
34,1993-11-07,0,SINGLE,Y,0,10200100084,0.0281,0.0919,0.032,1772414,0
35,1991-08-22,0,SINGLE,Y,0,10200100092,-0.0802,0.1664,0.0349,2714811,2
36,1995-11-15,1,SINGLE,Y,0,10200100092,-0.0802,0.1664,0.0349,3561460,2
37,1964-07-08,1,SINGLE,Y,0,10200100104,-0.0802,0.1664,0.0349,4795699,4
38,1967-02-18,1,MARRIED,Y,0,10200100051,0.0068,0.2159,0.034,2378330,3
39,1971-11-05,0,SINGLE,N,0,10200100092,0.0254,0.1714,0.0251,2156636,2
40,1997-12-11,1,SINGLE,N,0,10200100092,0.0254,0.1714,0.0251,5413341,2
41,1985-08-02,1,SINGLE,Y,0,10200100104,0.0041,0.1984,0.0384,1118265,4
42,1966-09-25,1,MARRIED,N,0,10200100092,0.1483,0.2935,0.0308,4890981,2
43,1965-05-06,0,MARRIED,N,0,10200100109,0.1483,0.2935,0.0308,5438309,1
44,1971-08-27,0,MARRIED,Y,0,10200100109,-0.0944,0.1388,0.0221,1750500,1
45,1990-03-30,1,MARRIED,Y,0,10200100051,0.103,0.2794,0.0273,4442319,3
46,2006-02-26,0,MARRIED,N,0,10200100051,0.0428,0.1986,0.006,2048318,3
47,2003-05-02,1,MARRIED,N,0,10200100104,0.0428,0.1986,0.006,4782148,4
48,1971-10-18,1,SINGLE,Y,0,10200100109,0.163,0.1377,0.0242,2089594,1
49,1968-12-10,1,SINGLE,Y,0,10200100104,0.163,0.1377,0.0242,2609086,4
50,1984-09-15,1,MARRIED,N,0,10200100051,0.1274,0.2898,0.0256,1762699,3
51,1984-12-19,0,MARRIED,N,0,10200100109,0.1274,0.2898,0.0256,3696551,1
52,2003-12-06,0,MARRIED,N,0,10200100104,0.1274,0.2898,0.0256,1756460,4
53,1996-05-25,0,MARRIED,N,0,10200100092,0.1274,0.2898,0.0256,2412764,2
54,2000-07-21,0,SINGLE,N,0,10200100051,0.1454,0.1455,0.022,3953578,3
55,1989-04-05,1,SINGLE,N,0,10200100051,0.1454,0.1455,0.022,2957501,3
56,1969-08-25,1,SINGLE,N,0,10200100084,0.1454,0.1455,0.022,2824754,0
57,1983-12-20,1,SINGLE,N,0,10200100084,0.1454,0.1455,0.022,1802161,0
58,1981-07-26,1,SINGLE,N,0,10200100051,0.0281,0.1637,0.027,4394177,3
59,1987-07-08,0,SINGLE,N,0,10200100104,0.0281,0.1637,0.027,1740132,4
60,1975-10-01,0,MARRIED,N,0,10200100084,0.1567,0.2764,0.0409,4044569,0
61,1988-12-11,1,MARRIED,N,0,10200100092,0.0595,0.0643,0.023,4088112,2
62,1974-02-11,1,MARRIED,N,0,10200100109,0.0595,0.0643,0.023,2454153,1
63,1990-07-10,1,MARRIED,N,0,10200100051,0.0595,0.0643,0.023,4564824,3
64,1995-05-02,1,MARRIED,N,0,10200100084,0.0595,0.0643,0.023,4566210,0
65,1981-12-16,1,MARRIED,N,0,10200100084,0.1087,0.2747,0.0122,3836043,0
66,1995-01-05,1,MARRIED,N,0,10200100109,0.1087,0.2747,0.0122,3791407,1
67,1995-11-11,1,MARRIED,N,0,10200100051,0.1087,0.2747,0.0122,3346576,3
68,1971-03-26,1,MARRIED,N,0,10200100109,-0.0309,0.1778,0.0129,3761724,1
69,2003-05-16,0,MARRIED,N,0,10200100109,-0.0309,0.1778,0.0129,4669715,1
70,1966-03-26,0,MARRIED,N,0,10200100109,-0.0309,0.1778,0.0129,4177696,1
71,1990-05-29,0,MARRIED,N,0,10200100051,-0.0309,0.1778,0.0129,2065514,3
72,1994-04-29,0,SINGLE,N,0,10200100051,-0.0648,0.196,0.0367,3485696,3
73,1995-03-22,1,MARRIED,N,0,10200100051,0.0234,0.1824,0.0413,4839863,3
74,1991-09-04,1,MARRIED,N,0,10200100104,0.0234,0.1824,0.0413,2575327,4
75,1977-09-30,1,SINGLE,Y,0,10200100092,0.1989,0.099,0.0043,3803397,2
76,1975-02-05,1,SINGLE,Y,0,10200100104,0.1989,0.099,0.0043,2901393,4
77,1965-10-15,1,SINGLE,Y,0,10200100104,0.1989,0.099,0.0043,1815269,4
78,1975-07-06,1,SINGLE,Y,0,10200100084,0.1989,0.099,0.0043,3154691,0
79,1982-03-04,1,MARRIED,N,0,10200100051,0.1662,0.0754,0.0335,5228877,3
80,1999-10-31,1,MARRIED,N,0,10200100104,0.1662,0.0754,0.0335,5134418,4
81,2002-06-07,1,MARRIED,Y,0,10200100092,0.0006,0.2791,0.0314,2150071,2
82,1978-01-11,0,MARRIED,Y,0,10200100051,0.0006,0.2791,0.0314,5270746,3
83,1999-04-21,0,MARRIED,N,0,10200100092,0.0013,0.1863,0.0375,4825599,2
84,1970-10-07,0,MARRIED,N,0,10200100109,0.0013,0.1863,0.0375,1363908,1
85,1991-09-30,0,MARRIED,Y,0,10200100104,0.1529,0.243,0.0289,5450587,4
86,1999-12-27,1,MARRIED,Y,0,10200100084,0.1529,0.243,0.0289,1543857,0
87,2002-04-18,1,MARRIED,Y,0,10200100092,0.1529,0.243,0.0289,5204780,2
88,1969-07-14,1,MARRIED,Y,0,10200100109,0.1529,0.243,0.0289,2974807,1
89,1970-02-20,1,MARRIED,N,0,10200100092,0.1682,0.1758,0.0104,2915399,2
90,1990-08-18,1,MARRIED,N,0,10200100109,0.1682,0.1758,0.0104,5155707,1
91,1995-12-07,1,MARRIED,Y,0,10200100109,-0.0118,0.1101,0.0311,3278278,1
92,1965-12-28,1,MARRIED,Y,0,10200100084,-0.0118,0.1101,0.0311,2801361,0
93,1982-12-11,1,MARRIED,Y,0,10200100051,-0.0118,0.1101,0.0311,1367189,3
94,1973-08-27,1,MARRIED,Y,0,10200100109,-0.0118,0.1101,0.0311,2132120,1
95,1986-07-11,1,SINGLE,N,0,10200100051,0.1045,0.0885,0.003,2714629,3
96,1997-01-10,1,MARRIED,N,0,10200100051,0.0006,0.0705,0.0315,3869438,3
97,1993-06-26,0,MARRIED,N,0,10200100109,0.0006,0.0705,0.0315,4620607,1
98,1965-10-14,0,MARRIED,N,0,10200100104,0.0006,0.0705,0.0315,4038187,4
99,1985-08-14,0,MARRIED,N,0,10200100051,0.0006,0.0705,0.0315,4352556,3
100,1972-08-16,0,SINGLE,Y,0,10200100084,-0.0452,0.1488,0.042,4396586,0
101,1998-10-08,0,SINGLE,Y,0,10200100092,-0.0452,0.1488,0.042,2751135,2
102,1986-07-19,0,MARRIED,N,0,10200100051,0.1906,0.0529,0.0167,4237033,3
103,1985-06-15,0,MARRIED,N,0,10200100084,0.1906,0.0529,0.0167,5424049,0
104,2000-05-14,0,MARRIED,N,0,10200100084,0.1906,0.0529,0.0167,1060429,0
105,1987-09-11,0,MARRIED,N,0,10200100092,0.1906,0.0529,0.0167,3790756,2
106,1984-11-12,0,SINGLE,Y,0,10200100084,0.0908,0.2115,0.0219,3984949,0
107,1965-04-02,1,SINGLE,Y,0,10200100104,0.0908,0.2115,0.0219,3229556,4
108,1972-11-09,1,SINGLE,Y,0,10200100051,0.0908,0.2115,0.0219,1392818,3
109,1965-08-12,1,SINGLE,Y,0,10200100092,0.1365,0.1346,0.0007,4391252,2
110,1978-07-29,1,SINGLE,Y,0,10200100092,0.1365,0.1346,0.0007,2320541,2
111,2006-02-25,1,SINGLE,Y,0,10200100051,0.1365,0.1346,0.0007,4416421,3
112,1980-01-11,1,SINGLE,Y,0,10200100109,0.0951,0.2591,0.037,4775359,1
113,1970-11-24,0,SINGLE,Y,0,10200100084,0.0951,0.2591,0.037,1761464,0
114,1987-02-11,0,SINGLE,Y,0,10200100104,0.0884,0.145,0.0261,1971773,4
115,1995-09-03,1,SINGLE,Y,0,10200100051,0.0884,0.145,0.0261,4130000,3
116,1993-09-30,1,SINGLE,Y,0,10200100109,0.0884,0.145,0.0261,2942871,1
117,1992-05-19,1,SINGLE,Y,0,10200100084,0.0884,0.145,0.0261,3667920,0
118,1974-04-23,1,MARRIED,N,0,10200100051,-0.04,0.2073,0.0158,3720498,3
119,1965-10-22,0,SINGLE,N,0,10200100104,0.0604,0.1399,0.0156,3342225,4
120,1994-11-15,1,SINGLE,N,0,10200100092,0.0604,0.1399,0.0156,1089758,2
121,1980-11-09,1,SINGLE,N,0,10200100092,0.0604,0.1399,0.0156,3029692,2
122,1986-01-31,1,SINGLE,N,0,10200100104,-0.0629,0.2503,0.02,2578079,4
123,1975-07-31,0,SINGLE,N,0,10200100104,-0.0629,0.2503,0.02,2213663,4
124,1991-07-13,0,SINGLE,N,0,10200100084,-0.0629,0.2503,0.02,4243977,0
125,1991-04-30,0,SINGLE,Y,0,10200100051,-0.0362,0.224,0.0389,4350740,3
126,1991-02-15,0,MARRIED,Y,0,10200100084,0.0416,0.1095,0.0434,2673170,0
127,1966-08-13,0,MARRIED,Y,0,10200100084,0.0416,0.1095,0.0434,5347959,0
128,2001-03-14,0,MARRIED,Y,0,10200100051,0.0416,0.1095,0.0434,3606484,3
129,1978-04-24,0,MARRIED,Y,0,10200100084,0.0416,0.1095,0.0434,5279521,0
130,1965-01-13,0,SINGLE,Y,0,10200100104,0.1517,0.2256,0.0135,1030410,4
131,1987-04-23,0,SINGLE,Y,0,10200100051,0.1517,0.2256,0.0135,2572741,3
132,1996-02-19,0,SINGLE,Y,0,10200100051,0.1517,0.2256,0.0135,3501736,3
133,1975-04-14,0,SINGLE,N,0,10200100051,0.1173,0.0929,0.0384,2688457,3
134,1973-09-05,0,SINGLE,N,0,10200100084,0.1173,0.0929,0.0384,2959519,0
135,1991-09-20,0,SINGLE,N,0,10200100051,0.1173,0.0929,0.0384,5452196,3
136,1979-09-08,0,SINGLE,N,0,10200100051,0.1173,0.0929,0.0384,2261312,3
137,1995-12-06,0,SINGLE,Y,0,10200100104,-0.042,0.1053,0.0326,1362296,4
138,1983-03-13,0,SINGLE,Y,0,10200100092,-0.042,0.1053,0.0326,1320042,2
139,1981-06-10,0,SINGLE,Y,0,10200100104,-0.042,0.1053,0.0326,2544729,4
140,1978-01-20,0,MARRIED,Y,0,10200100051,-0.0513,0.1652,0.0001,5231150,3
141,1982-05-20,1,MARRIED,Y,0,10200100092,-0.0513,0.1652,0.0001,3626647,2
142,1965-03-05,1,MARRIED,Y,0,10200100084,-0.0513,0.1652,0.0001,4919416,0
143,2004-03-23,1,SINGLE,N,0,10200100109,-0.0911,0.1649,0.0157,2636065,1
144,1983-10-29,0,SINGLE,N,0,10200100092,-0.0911,0.1649,0.0157,4907717,2
145,1989-12-06,0,SINGLE,N,0,10200100092,-0.0911,0.1649,0.0157,2588311,2
146,1995-03-12,0,SINGLE,N,0,10200100092,0.1097,0.185,0.001,1945351,2
147,1980-01-28,1,MARRIED,N,0,10200100104,-0.0054,0.1669,0.0347,1557216,4
148,2005-08-27,1,MARRIED,Y,0,10200100084,0.1368,0.0894,0.014,3844802,0
149,1976-09-25,0,MARRIED,Y,0,10200100084,0.1368,0.0894,0.014,4037789,0
150,1994-10-20,0,SINGLE,Y,0,10200100092,0.0729,0.2548,0.0361,4723116,2
151,2003-12-27,1,SINGLE,Y,0,10200100092,0.0729,0.2548,0.0361,1629527,2
152,1970-11-06,1,SINGLE,Y,0,10200100051,0.0729,0.2548,0.0361,2854564,3
153,1984-09-05,1,SINGLE,Y,0,10200100084,0.0729,0.2548,0.0361,2892792,0
154,1971-07-26,1,SINGLE,Y,0,10200100092,0.1818,0.1198,0.0361,1296753,2
155,1981-02-28,1,SINGLE,Y,0,10200100051,0.1818,0.1198,0.0361,2884792,3
156,1982-05-01,1,SINGLE,Y,0,10200100109,0.1818,0.1198,0.0361,5397950,1
157,1991-10-30,1,SINGLE,Y,0,10200100109,0.1818,0.1198,0.0361,4615005,1
158,2006-05-03,1,MARRIED,Y,0,10200100092,-0.0196,0.07,0.0491,1910699,2
159,1976-12-04,0,MARRIED,Y,0,10200100051,-0.0196,0.07,0.0491,3390191,3
160,1996-04-10,0,MARRIED,Y,0,10200100092,-0.0196,0.07,0.0491,4135991,2
161,1993-03-22,0,MARRIED,Y,0,10200100109,-0.0196,0.07,0.0491,1517904,1
162,1995-09-22,0,MARRIED,Y,0,10200100109,0.0511,0.2175,0.0186,5112142,1
163,1973-10-19,0,MARRIED,Y,0,10200100051,0.0511,0.2175,0.0186,4732811,3
164,1993-02-03,0,MARRIED,Y,0,10200100051,0.1825,0.2455,0.0197,4577230,3
165,1975-07-23,1,SINGLE,N,0,10200100104,0.0746,0.2806,0.0127,2213670,4
166,2004-11-16,0,SINGLE,N,0,10200100084,0.0746,0.2806,0.0127,2842338,0
167,2002-03-06,0,MARRIED,N,0,10200100109,0.1323,0.052,0.0123,1859965,1
168,1980-01-29,0,MARRIED,N,0,10200100092,0.1323,0.052,0.0123,1728360,2
169,1984-05-24,0,MARRIED,N,0,10200100104,0.0179,0.0771,0.0022,1214103,4
170,2002-09-14,0,MARRIED,N,0,10200100109,0.0179,0.0771,0.0022,3611888,1
171,2005-01-06,0,MARRIED,N,0,10200100109,0.0179,0.0771,0.0022,1985845,1
172,1982-09-14,0,MARRIED,N,0,10200100084,0.0179,0.0771,0.0022,1367892,0
173,2001-05-24,0,MARRIED,N,0,10200100109,0.1774,0.0977,0.0246,1436488,1
174,1967-09-17,0,MARRIED,N,0,10200100104,0.1774,0.0977,0.0246,2832024,4
175,1981-03-23,0,MARRIED,N,0,10200100104,-0.0947,0.1262,0.0414,3254141,4
176,1988-12-13,1,MARRIED,N,0,10200100109,-0.0947,0.1262,0.0414,5121470,1
177,1978-01-11,1,SINGLE,Y,0,10200100092,0.0504,0.2528,0.0325,4756203,2
178,1973-02-24,0,SINGLE,Y,0,10200100084,0.0504,0.2528,0.0325,1144702,0
179,1967-12-15,0,SINGLE,Y,0,10200100092,0.0504,0.2528,0.0325,1835113,2
180,2000-07-03,0,MARRIED,Y,0,10200100109,0.0517,0.278,0.0136,2795422,1
181,1986-08-12,1,MARRIED,Y,0,10200100051,0.0517,0.278,0.0136,4748232,3
182,1997-02-09,1,MARRIED,Y,0,10200100109,0.0517,0.278,0.0136,5028435,1
183,2001-07-18,1,MARRIED,N,0,10200100051,-0.0024,0.15,0.0269,2871655,3
184,1974-11-11,0,MARRIED,N,0,10200100051,-0.0024,0.15,0.0269,4515095,3
185,2000-01-21,0,MARRIED,N,0,10200100051,-0.0024,0.15,0.0269,1513602,3
186,1965-10-14,0,MARRIED,N,0,10200100109,-0.0024,0.15,0.0269,3002194,1
187,1971-06-27,0,MARRIED,Y,0,10200100092,-0.0118,0.2673,0.0448,1300220,2
188,1989-01-07,0,MARRIED,Y,0,10200100109,-0.0118,0.2673,0.0448,3577606,1
189,1964-03-20,0,MARRIED,Y,0,10200100092,-0.0118,0.2673,0.0448,1576566,2
190,1989-11-06,0,MARRIED,N,0,10200100051,0.1423,0.2341,0.0113,2040948,3
191,2000-04-15,0,MARRIED,N,0,10200100092,0.1423,0.2341,0.0113,4740017,2
192,1974-11-05,0,MARRIED,N,0,10200100084,0.1423,0.2341,0.0113,3172165,0
193,2003-02-23,0,MARRIED,Y,0,10200100084,0.0918,0.0949,0.0173,4272501,0
194,2004-05-13,1,MARRIED,Y,0,10200100104,0.0918,0.0949,0.0173,1529288,4
195,2003-10-03,1,MARRIED,N,0,10200100092,0.1562,0.1006,0.0404,2706129,2
196,1984-04-05,0,MARRIED,N,0,10200100092,0.1562,0.1006,0.0404,4885008,2
197,1982-08-03,0,SINGLE,Y,0,10200100051,-0.0477,0.0582,0.0144,1187415,3
198,1999-05-23,0,SINGLE,Y,0,10200100104,-0.0477,0.0582,0.0144,5309112,4
199,1982-07-24,0,SINGLE,Y,0,10200100109,-0.0477,0.0582,0.0144,2153731,1
200,2002-12-06,0,SINGLE,Y,0,10200100109,-0.0477,0.0582,0.0144,2339662,1
201,1996-06-23,0,SINGLE,N,0,10200100084,0.0646,0.2855,0.0476,1346500,0
202,2002-12-13,1,SINGLE,Y,0,10200100051,0.09,0.289,0.0292,4244551,3
203,1976-01-18,1,SINGLE,Y,0,10200100092,0.09,0.289,0.0292,3556867,2
204,1972-04-13,1,SINGLE,Y,0,10200100104,0.09,0.289,0.0292,5363312,4
205,2002-11-23,1,SINGLE,Y,0,10200100109,0.09,0.289,0.0292,1456964,1
206,1992-05-27,1,MARRIED,N,0,10200100051,0.0083,0.0992,0.0339,4286652,3
207,1986-05-06,0,SINGLE,Y,0,10200100104,0.1471,0.2813,0.0097,4512588,4
208,1972-08-17,1,MARRIED,Y,0,10200100051,-0.0519,0.1496,0.0288,4149744,3
209,1968-07-26,0,MARRIED,Y,0,10200100109,-0.0519,0.1496,0.0288,3363310,1
210,1986-12-01,0,MARRIED,Y,0,10200100109,-0.0519,0.1496,0.0288,4309123,1
211,1970-08-20,0,MARRIED,Y,0,10200100092,-0.0216,0.1291,0.0127,2445880,2
212,2005-09-16,1,MARRIED,Y,0,10200100084,-0.0216,0.1291,0.0127,3080352,0
213,1971-11-15,1,MARRIED,Y,0,10200100092,-0.0216,0.1291,0.0127,3235529,2
214,1967-03-28,1,SINGLE,Y,0,10200100104,-0.0263,0.1184,0.0129,4321772,4
215,1967-01-30,1,SINGLE,Y,0,10200100109,-0.0263,0.1184,0.0129,4736056,1
216,1975-03-13,1,SINGLE,Y,0,10200100051,-0.0263,0.1184,0.0129,1428865,3
217,1980-04-04,1,MARRIED,N,0,10200100084,-0.0565,0.115,0.0443,3925425,0
218,1988-07-12,1,MARRIED,N,0,10200100051,-0.0565,0.115,0.0443,4557678,3
219,1982-11-06,1,MARRIED,Y,0,10200100092,0.188,0.182,0.0284,2425790,2
220,1997-11-06,0,MARRIED,Y,0,10200100104,0.188,0.182,0.0284,4909897,4
221,1980-05-06,0,MARRIED,Y,0,10200100092,0.188,0.182,0.0284,1303775,2
222,1996-09-08,0,MARRIED,Y,0,10200100092,0.188,0.182,0.0284,5299119,2
223,2003-10-04,0,MARRIED,N,0,10200100084,0.1114,0.1396,0.0289,3484055,0
224,1976-06-21,1,MARRIED,N,0,10200100104,0.1114,0.1396,0.0289,3146023,4
225,2005-06-18,1,MARRIED,Y,0,10200100092,-0.0572,0.1726,0.0001,3803721,2
226,1972-10-07,0,SINGLE,Y,0,10200100084,0.1041,0.1818,0.0234,2884969,0
227,1967-02-07,0,SINGLE,Y,0,10200100092,0.1041,0.1818,0.0234,3587341,2
228,1967-01-15,0,MARRIED,N,0,10200100109,0.0296,0.0617,0.0224,2690369,1
229,1997-10-26,1,MARRIED,N,0,10200100051,0.0296,0.0617,0.0224,1092967,3
230,1969-05-08,1,MARRIED,N,0,10200100092,0.0296,0.0617,0.0224,4776197,2
231,1986-09-06,1,SINGLE,Y,0,10200100109,0.0981,0.2007,0.0459,2879296,1
232,1977-12-05,1,SINGLE,Y,0,10200100109,0.0981,0.2007,0.0459,3032535,1
233,1974-01-12,1,SINGLE,Y,0,10200100051,0.0981,0.2007,0.0459,3416425,3
234,1981-08-29,1,SINGLE,Y,0,10200100051,0.0768,0.2299,0.0157,1996118,3
235,1969-04-10,1,SINGLE,Y,0,10200100092,0.0768,0.2299,0.0157,2139574,2
236,1986-11-10,1,MARRIED,N,0,10200100051,-0.0289,0.2638,0.0084,1260843,3
237,1977-03-01,1,MARRIED,N,0,10200100092,-0.0289,0.2638,0.0084,4391941,2
238,1988-02-03,1,MARRIED,N,0,10200100104,-0.0289,0.2638,0.0084,4794499,4
239,2001-09-10,1,SINGLE,Y,0,10200100051,0.1023,0.071,0.0453,4944740,3
240,1971-07-14,0,SINGLE,Y,0,10200100084,0.1023,0.071,0.0453,3936186,0
241,1969-05-04,0,SINGLE,Y,0,10200100092,0.1023,0.071,0.0453,3429013,2
242,1995-08-28,0,MARRIED,Y,0,10200100104,0.0406,0.058,0.0337,1825727,4
243,1969-10-18,0,MARRIED,Y,0,10200100109,0.0406,0.058,0.0337,5450323,1
244,1991-05-03,0,MARRIED,Y,0,10200100104,0.0406,0.058,0.0337,1470760,4
245,1975-09-27,0,MARRIED,Y,0,10200100084,0.0406,0.058,0.0337,2172945,0
246,1991-02-27,0,MARRIED,Y,0,10200100109,0.1273,0.1037,0.0095,1883049,1
247,1967-05-27,0,MARRIED,Y,0,10200100092,0.1273,0.1037,0.0095,2639557,2
248,1973-05-29,0,SINGLE,N,0,10200100084,-0.0041,0.1353,0.0114,3412007,0
249,1995-01-08,0,SINGLE,N,0,10200100092,-0.0041,0.1353,0.0114,4319778,2
250,2004-12-17,0,SINGLE,N,0,10200100084,-0.0041,0.1353,0.0114,3421753,0
251,1975-07-25,0,SINGLE,N,0,10200100051,0.0922,0.2471,0.0485,3089105,3
252,1996-09-28,0,SINGLE,N,0,10200100051,0.0922,0.2471,0.0485,5296450,3
253,1977-03-08,0,SINGLE,N,0,10200100084,0.0922,0.2471,0.0485,1096261,0
254,1983-01-01,0,SINGLE,N,0,10200100084,0.0922,0.2471,0.0485,5258811,0
255,1993-07-21,0,SINGLE,Y,0,10200100109,0.0819,0.2161,0.0045,2063496,1
256,1997-06-28,0,SINGLE,Y,0,10200100109,0.0819,0.2161,0.0045,2119880,1
257,1968-06-22,0,MARRIED,N,0,10200100092,0.1791,0.0833,0.0272,3567855,2
258,1998-11-01,1,MARRIED,N,0,10200100109,0.1791,0.0833,0.0272,2935143,1
259,1964-01-09,1,MARRIED,N,0,10200100104,0.1791,0.0833,0.0272,3141155,4
260,2006-03-11,1,MARRIED,Y,0,10200100084,0.108,0.1832,0.0156,3379945,0
261,2002-12-25,1,MARRIED,Y,0,10200100104,0.108,0.1832,0.0156,2975522,4
262,1986-08-12,1,MARRIED,Y,0,10200100092,0.108,0.1832,0.0156,5012296,2
263,1984-02-25,1,MARRIED,Y,0,10200100092,0.108,0.1832,0.0156,1818108,2
264,1966-07-25,1,SINGLE,N,0,10200100092,0.0138,0.1028,0.0205,4383401,2
265,1971-12-10,0,SINGLE,N,0,10200100109,0.0138,0.1028,0.0205,2244208,1
266,1966-04-19,0,SINGLE,N,0,10200100104,0.0138,0.1028,0.0205,2030198,4
267,1966-08-30,0,MARRIED,Y,0,10200100092,0.1529,0.1328,0.0488,4875646,2
268,1985-03-12,0,MARRIED,Y,0,10200100092,0.1529,0.1328,0.0488,2914893,2
269,1990-09-25,0,SINGLE,Y,0,10200100084,0.1135,0.1746,0.0325,3693492,0
270,1992-12-10,0,MARRIED,Y,0,10200100109,0.1774,0.2223,0.0131,1157713,1
271,1991-06-11,1,SINGLE,Y,0,10200100051,0.0773,0.0676,0.0479,2798853,3
272,1980-08-28,0,MARRIED,N,0,10200100104,-0.03,0.0994,0.0241,1624275,4
273,2002-09-12,1,MARRIED,N,0,10200100092,-0.03,0.0994,0.0241,3331204,2
274,1968-12-06,1,MARRIED,Y,0,10200100092,0.1446,0.2365,0.0158,1367246,2
275,2000-11-21,1,MARRIED,Y,0,10200100104,0.1446,0.2365,0.0158,5033154,4
276,1991-01-10,1,MARRIED,Y,0,10200100104,0.1446,0.2365,0.0158,1136767,4
277,2002-05-09,1,MARRIED,Y,0,10200100109,0.1446,0.2365,0.0158,2305437,1
278,1999-11-26,1,MARRIED,Y,0,10200100051,0.1963,0.0781,0.0081,4410565,3
279,1965-04-25,1,MARRIED,Y,0,10200100084,0.1963,0.0781,0.0081,3929251,0
280,1995-02-05,1,MARRIED,Y,0,10200100051,0.1963,0.0781,0.0081,3922315,3
281,1995-12-17,1,SINGLE,N,0,10200100092,0.0723,0.0641,0.0032,2609655,2
282,1981-11-11,0,SINGLE,N,0,10200100092,0.0723,0.0641,0.0032,4349403,2
283,1975-12-05,0,SINGLE,N,0,10200100084,0.0723,0.0641,0.0032,4710463,0
284,1981-01-13,0,SINGLE,N,0,10200100109,0.1112,0.0702,0.0364,4724245,1
285,1991-07-16,1,SINGLE,N,0,10200100084,0.1112,0.0702,0.0364,5113066,0
286,1979-05-28,1,SINGLE,N,0,10200100092,0.1112,0.0702,0.0364,4473494,2
287,1970-11-18,1,SINGLE,N,0,10200100051,0.1112,0.0702,0.0364,4313822,3
288,1997-12-05,1,SINGLE,N,0,10200100109,-0.0516,0.194,0.0325,1787632,1
289,1965-06-09,0,SINGLE,N,0,10200100104,-0.0516,0.194,0.0325,3435306,4
290,1964-08-20,0,SINGLE,N,0,10200100104,-0.0516,0.194,0.0325,4920164,4
291,1986-07-04,0,SINGLE,N,0,10200100051,-0.0516,0.194,0.0325,4228006,3
292,2006-06-16,0,MARRIED,Y,0,10200100109,-0.0319,0.1214,0.0357,1627669,1
293,1976-05-04,0,MARRIED,Y,0,10200100104,-0.0319,0.1214,0.0357,3392709,4
294,1996-01-19,0,MARRIED,N,0,10200100051,-0.0464,0.2956,0.0226,3697464,3
295,1996-05-17,1,MARRIED,N,0,10200100109,-0.0464,0.2956,0.0226,1088511,1
296,2000-03-31,1,MARRIED,N,0,10200100092,-0.0464,0.2956,0.0226,1342285,2
297,1988-03-09,1,MARRIED,N,0,10200100092,-0.0464,0.2956,0.0226,2883597,2
298,1977-07-03,1,MARRIED,Y,0,10200100084,0.1951,0.171,0.0197,1649935,0
299,1971-02-12,1,MARRIED,Y,0,10200100051,0.1951,0.171,0.0197,4851405,3
300,1964-06-30,1,SINGLE,N,0,10200100104,-0.0971,0.1204,0.0028,3325681,4
301,1968-04-24,0,SINGLE,Y,0,10200100092,-0.0411,0.2724,0.0387,1590352,2
302,1965-10-06,0,SINGLE,Y,0,10200100109,-0.0411,0.2724,0.0387,5155070,1
303,1998-05-06,0,SINGLE,Y,0,10200100051,-0.0411,0.2724,0.0387,1220726,3
304,1983-05-18,0,SINGLE,Y,0,10200100104,-0.0411,0.2724,0.0387,3578162,4
305,1993-12-25,0,MARRIED,N,0,10200100092,0.0773,0.2406,0.0458,2855689,2
306,1988-10-30,0,SINGLE,N,0,10200100051,0.1058,0.1711,0.0253,1220108,3
307,1989-02-15,0,MARRIED,Y,0,10200100084,0.0756,0.2791,0.0471,4158530,0
308,2002-05-14,1,MARRIED,Y,0,10200100051,0.0756,0.2791,0.0471,4830404,3
309,1989-10-06,1,MARRIED,N,0,10200100104,0.196,0.1915,0.0125,2327881,4
310,1994-07-16,0,MARRIED,N,0,10200100104,0.196,0.1915,0.0125,4655053,4
311,1965-10-26,0,MARRIED,N,0,10200100092,0.196,0.1915,0.0125,4736687,2
312,1999-01-29,0,MARRIED,N,0,10200100084,0.196,0.1915,0.0125,3562609,0
313,1994-07-07,0,SINGLE,Y,0,10200100109,-0.0863,0.2459,0.0402,4748521,1
314,1978-12-18,1,SINGLE,Y,0,10200100051,-0.0863,0.2459,0.0402,2488396,3
315,1966-09-09,1,SINGLE,Y,0,10200100051,-0.0863,0.2459,0.0402,3801289,3
316,1965-02-03,1,SINGLE,Y,0,10200100109,-0.0863,0.2459,0.0402,1026859,1
317,1998-03-31,1,MARRIED,Y,0,10200100109,0.1414,0.2455,0.0471,1224018,1
318,1972-06-19,1,MARRIED,Y,0,10200100109,0.1414,0.2455,0.0471,2886895,1
319,1973-03-22,1,MARRIED,Y,0,10200100084,0.1414,0.2455,0.0471,1604212,0
320,1987-03-06,1,SINGLE,Y,0,10200100084,0.1753,0.2259,0.0172,4553393,0
321,1972-06-14,1,MARRIED,Y,0,10200100109,0.1804,0.1708,0.0008,4488077,1
322,1970-05-13,0,MARRIED,N,0,10200100104,0.0681,0.135,0.006,3238957,4
323,1999-08-27,1,MARRIED,N,0,10200100051,0.0681,0.135,0.006,5417895,3
324,1991-03-26,1,MARRIED,N,0,10200100051,0.0681,0.135,0.006,1128091,3
325,1998-02-08,1,MARRIED,Y,0,10200100104,-0.0457,0.2205,0.0266,4161829,4
326,1979-05-05,0,MARRIED,Y,0,10200100104,-0.0457,0.2205,0.0266,4764053,4
327,1972-06-05,0,MARRIED,N,0,10200100084,0.1143,0.2029,0.0313,4297123,0
328,1968-01-26,0,MARRIED,N,0,10200100104,0.1143,0.2029,0.0313,1282640,4
329,2002-03-27,0,MARRIED,N,0,10200100084,0.1143,0.2029,0.0313,1318258,0
330,1972-03-17,0,MARRIED,N,0,10200100084,-0.0874,0.07,0.0436,4987902,0
331,1991-05-24,1,MARRIED,N,0,10200100084,-0.0874,0.07,0.0436,4736572,0
332,1991-10-10,1,MARRIED,N,0,10200100092,-0.0874,0.07,0.0436,4795070,2
333,1994-11-21,1,SINGLE,N,0,10200100092,-0.0655,0.1758,0.0146,1565551,2
334,1976-07-04,0,SINGLE,N,0,10200100092,-0.0655,0.1758,0.0146,1513264,2
335,1986-11-11,0,SINGLE,N,0,10200100051,-0.0655,0.1758,0.0146,3935528,3
336,2002-07-17,0,SINGLE,N,0,10200100109,0.0451,0.2709,0.0479,1426117,1
337,1980-11-29,0,SINGLE,N,0,10200100051,0.0451,0.2709,0.0479,4140960,3
338,1966-01-16,0,SINGLE,N,0,10200100084,0.0451,0.2709,0.0479,1440630,0
339,1968-02-09,0,SINGLE,N,0,10200100104,0.0451,0.2709,0.0479,3810652,4
340,2005-01-20,0,SINGLE,N,0,10200100084,-0.0576,0.1006,0.0471,4798853,0
341,1996-11-14,0,SINGLE,N,0,10200100109,-0.0576,0.1006,0.0471,4592296,1
342,1971-10-21,0,SINGLE,N,0,10200100104,-0.0576,0.1006,0.0471,3820057,4
343,1985-09-07,0,SINGLE,N,0,10200100092,-0.0576,0.1006,0.0471,1712977,2
344,1975-12-15,0,MARRIED,Y,0,10200100084,0.0696,0.2168,0.0217,4502983,0
345,1976-08-06,0,MARRIED,Y,0,10200100109,0.0696,0.2168,0.0217,5379451,1
346,1975-01-16,0,MARRIED,Y,0,10200100051,0.0696,0.2168,0.0217,1799090,3
347,1990-07-03,0,MARRIED,N,0,10200100104,0.1218,0.197,0.0193,3821669,4
348,1984-01-07,0,MARRIED,N,0,10200100051,0.1218,0.197,0.0193,4036075,3
349,1986-10-29,0,MARRIED,N,0,10200100084,0.1218,0.197,0.0193,4284571,0
350,1973-02-17,0,MARRIED,N,0,10200100051,0.1218,0.197,0.0193,4669476,3
351,1975-11-02,0,SINGLE,Y,0,10200100084,0.0743,0.2183,0.0358,3109122,0
352,1994-06-01,0,SINGLE,N,0,10200100109,0.0372,0.1969,0.0479,1809016,1
353,1970-07-17,1,SINGLE,Y,0,10200100092,-0.0388,0.1707,0.0029,3529899,2
354,1996-09-23,1,MARRIED,Y,0,10200100104,0.0241,0.1813,0.0084,5186791,4
355,1988-04-08,0,MARRIED,Y,0,10200100092,0.0241,0.1813,0.0084,2932847,2
356,2000-01-21,0,MARRIED,N,0,10200100051,0.1997,0.1105,0.0082,4353867,3
357,1978-10-29,0,SINGLE,N,0,10200100109,0.1997,0.1761,0.0463,1463226,1
358,1987-11-01,1,SINGLE,N,0,10200100051,0.1997,0.1761,0.0463,3211735,3
359,1987-08-28,1,SINGLE,N,0,10200100092,0.1997,0.1761,0.0463,1156862,2
360,1995-12-29,1,MARRIED,N,0,10200100104,0.1131,0.2449,0.0075,1121007,4
361,1996-10-20,0,MARRIED,N,0,10200100051,0.1131,0.2449,0.0075,3893307,3
362,1998-11-03,0,MARRIED,N,0,10200100109,0.1131,0.2449,0.0075,1642393,1
363,1983-04-27,0,MARRIED,Y,0,10200100051,0.1615,0.2653,0.0051,4193864,3
364,1976-01-12,0,MARRIED,Y,0,10200100084,0.1615,0.2653,0.0051,4794963,0
365,1986-10-21,0,MARRIED,Y,0,10200100104,0.1615,0.2653,0.0051,2306482,4
366,1986-01-27,0,MARRIED,Y,0,10200100084,0.1615,0.2653,0.0051,1378329,0
367,2002-06-03,0,SINGLE,Y,0,10200100092,0.0011,0.0926,0.0126,4440173,2
368,1986-11-08,0,SINGLE,Y,0,10200100084,0.0011,0.0926,0.0126,5132381,0
369,1997-09-14,0,SINGLE,N,0,10200100092,0.0859,0.1509,0.0391,5268134,2
370,1986-11-26,1,SINGLE,N,0,10200100051,0.0859,0.1509,0.0391,5450807,3
371,2004-11-07,1,SINGLE,N,0,10200100084,0.0031,0.2476,0.0058,5471554,0
372,1997-12-02,1,SINGLE,N,0,10200100092,0.0031,0.2476,0.0058,3288825,2
373,2003-07-29,1,SINGLE,N,0,10200100051,0.0031,0.2476,0.0058,4836782,3
374,1974-12-06,1,SINGLE,N,0,10200100051,0.0031,0.2476,0.0058,3108435,3
375,1998-02-09,1,SINGLE,N,0,10200100092,-0.0351,0.0928,0.0322,2536999,2
376,1968-02-26,0,SINGLE,N,0,10200100051,-0.0351,0.0928,0.0322,2291617,3
377,1979-05-12,0,SINGLE,N,0,10200100084,-0.0351,0.0928,0.0322,2095436,0
378,1994-10-27,0,SINGLE,Y,0,10200100104,-0.0185,0.0695,0.0475,1843342,4
379,1965-06-29,1,SINGLE,Y,0,10200100084,0.1763,0.0824,0.0359,4773670,0
380,1970-07-23,1,MARRIED,N,0,10200100109,-0.0391,0.1998,0.0196,4285848,1
381,1975-08-22,0,MARRIED,N,0,10200100051,-0.0391,0.1998,0.0196,3307122,3
382,1965-04-09,0,MARRIED,N,0,10200100051,-0.0391,0.1998,0.0196,1575439,3
383,2002-08-28,0,MARRIED,N,0,10200100104,-0.0391,0.1998,0.0196,1369668,4
384,1992-06-12,0,SINGLE,N,0,10200100084,-0.0452,0.2907,0.0481,3691663,0
385,2003-03-22,0,SINGLE,N,0,10200100051,-0.0452,0.2907,0.0481,1288008,3
386,2000-10-07,0,SINGLE,N,0,10200100084,-0.0452,0.2907,0.0481,2917651,0
387,1993-05-26,0,MARRIED,Y,0,10200100109,0.0721,0.241,0.05,3419122,1
388,1969-06-05,1,MARRIED,Y,0,10200100084,0.0721,0.241,0.05,4889360,0
389,1977-07-01,1,MARRIED,Y,0,10200100109,0.0721,0.241,0.05,4428010,1
390,1993-09-01,1,MARRIED,Y,0,10200100084,0.0721,0.241,0.05,2187151,0
391,1997-08-02,1,SINGLE,N,0,10200100109,0.0474,0.0531,0.044,1523007,1
392,1965-05-08,1,SINGLE,N,0,10200100109,0.0474,0.0531,0.044,2105815,1
393,1986-02-20,1,SINGLE,N,0,10200100104,0.0474,0.0531,0.044,3814231,4
394,1968-03-12,1,SINGLE,N,0,10200100092,0.0474,0.0531,0.044,1787355,2
395,2003-02-27,1,SINGLE,N,0,10200100092,0.0016,0.1303,0.0217,5409745,2
396,1989-10-30,1,SINGLE,N,0,10200100084,0.0016,0.1303,0.0217,3405402,0
397,1974-04-08,1,SINGLE,N,0,10200100109,0.0016,0.1303,0.0217,3355358,1
398,1974-05-18,1,SINGLE,Y,0,10200100092,0.1083,0.1656,0.0057,3872266,2
399,2004-09-04,0,SINGLE,Y,0,10200100084,0.1083,0.1656,0.0057,3626434,0
400,1964-03-24,0,SINGLE,Y,0,10200100109,0.0044,0.1232,0.0096,3694230,1
401,1988-11-18,1,SINGLE,Y,0,10200100109,0.0044,0.1232,0.0096,2271028,1
402,1985-02-02,1,SINGLE,Y,0,10200100051,0.0044,0.1232,0.0096,5228689,3
403,1998-08-04,1,SINGLE,Y,0,10200100109,0.0044,0.1232,0.0096,2298999,1
404,1994-11-30,1,MARRIED,N,0,10200100092,0.117,0.1864,0.0398,2652264,2
405,1995-01-24,0,MARRIED,N,0,10200100084,0.1303,0.0901,0.0179,1067013,0
406,2002-11-06,1,SINGLE,N,0,10200100092,0.0234,0.0638,0.013,3166816,2
407,1994-02-01,1,SINGLE,N,0,10200100109,0.0234,0.0638,0.013,4951767,1
408,1984-08-10,1,SINGLE,N,0,10200100109,0.0234,0.0638,0.013,3859853,1
409,1975-11-21,1,SINGLE,N,0,10200100109,0.0234,0.0638,0.013,5260397,1
410,1994-05-10,1,SINGLE,Y,0,10200100104,0.0282,0.2446,0.0128,4696145,4
411,1982-10-12,1,SINGLE,Y,0,10200100109,0.0282,0.2446,0.0128,2180761,1
412,1974-01-09,1,SINGLE,N,0,10200100051,0.1425,0.1049,0.0196,1370220,3
413,1964-10-26,0,SINGLE,N,0,10200100109,0.1425,0.1049,0.0196,3505335,1
414,1981-11-24,0,SINGLE,N,0,10200100109,0.1425,0.1049,0.0196,3874965,1
415,1974-03-23,0,SINGLE,N,0,10200100104,0.1425,0.1049,0.0196,4284026,4
416,1981-05-24,0,SINGLE,N,0,10200100109,0.1448,0.2123,0.0403,1646193,1
417,1967-09-26,0,SINGLE,N,0,10200100051,0.1448,0.2123,0.0403,2698388,3
418,1973-12-15,0,SINGLE,N,0,10200100092,0.1448,0.2123,0.0403,5263908,2
419,1977-11-09,0,SINGLE,N,0,10200100051,0.1448,0.2123,0.0403,3549665,3
420,2004-04-29,0,MARRIED,Y,0,10200100084,0.0574,0.2731,0.0036,2017196,0
421,1969-12-19,0,MARRIED,Y,0,10200100051,0.0574,0.2731,0.0036,1294493,3
422,1977-04-05,0,MARRIED,Y,0,10200100092,0.0574,0.2731,0.0036,4784460,2
423,1979-07-18,0,SINGLE,Y,0,10200100051,-0.0775,0.2524,0.0207,1227771,3
424,2001-05-02,0,SINGLE,Y,0,10200100109,-0.0775,0.2524,0.0207,3762326,1
425,2005-01-13,0,MARRIED,Y,0,10200100092,0.1181,0.1241,0.047,5489258,2
426,1971-06-25,1,MARRIED,Y,0,10200100051,0.1181,0.1241,0.047,3613052,3
427,1980-10-13,1,MARRIED,Y,0,10200100051,0.0562,0.0712,0.0236,1740324,3
428,1981-05-14,0,MARRIED,Y,0,10200100092,0.0562,0.0712,0.0236,4040576,2
429,2001-05-14,0,SINGLE,N,0,10200100109,-0.0222,0.1337,0.0364,1468100,1
430,1996-10-18,0,SINGLE,N,0,10200100104,-0.0222,0.1337,0.0364,1070025,4
431,1984-01-04,0,MARRIED,Y,0,10200100092,0.0948,0.0692,0.0215,2036613,2
432,1984-06-23,1,MARRIED,Y,0,10200100051,0.0948,0.0692,0.0215,2595731,3
433,1994-10-08,1,MARRIED,Y,0,10200100092,0.0948,0.0692,0.0215,2548392,2
434,1980-12-30,1,MARRIED,Y,0,10200100092,0.0948,0.0692,0.0215,2207251,2
435,2005-06-13,1,MARRIED,N,0,10200100109,-0.0068,0.2421,0.0247,4741005,1
436,1975-11-07,1,SINGLE,Y,0,10200100092,0.0243,0.2104,0.0111,3324174,2
437,1967-08-14,1,MARRIED,Y,0,10200100104,0.015,0.0947,0.0086,4777398,4
438,1972-11-07,1,MARRIED,Y,0,10200100051,0.015,0.0947,0.0086,3075845,3
439,1994-06-13,1,MARRIED,Y,0,10200100051,0.006,0.0624,0.0131,4250882,3
440,1986-06-22,1,MARRIED,Y,0,10200100092,0.006,0.0624,0.0131,1653219,2
441,1979-07-11,1,MARRIED,Y,0,10200100104,0.006,0.0624,0.0131,2071084,4
442,1997-01-05,1,MARRIED,Y,0,10200100109,0.006,0.0624,0.0131,4659974,1
443,1968-05-14,1,MARRIED,Y,0,10200100109,-0.0836,0.139,0.0269,3522956,1
444,2000-05-13,1,MARRIED,Y,0,10200100084,-0.0836,0.139,0.0269,4472260,0
445,1997-06-21,1,MARRIED,Y,0,10200100051,-0.0133,0.2363,0.0237,4039403,3
446,1966-10-07,0,MARRIED,Y,0,10200100084,-0.0133,0.2363,0.0237,2076301,0
447,1997-01-27,0,MARRIED,Y,0,10200100104,-0.0133,0.2363,0.0237,1167692,4
448,1993-05-23,0,MARRIED,Y,0,10200100109,-0.0133,0.2363,0.0237,4574886,1
449,1971-03-19,0,MARRIED,Y,0,10200100092,0.1005,0.204,0.0131,2894438,2
450,1988-09-30,1,MARRIED,Y,0,10200100084,0.0921,0.1362,0.0061,1349033,0
451,1987-04-20,0,MARRIED,Y,0,10200100084,0.0921,0.1362,0.0061,1359319,0
452,1981-01-31,0,SINGLE,N,0,10200100092,0.1204,0.1507,0.0144,3101624,2
453,1979-11-22,1,SINGLE,N,0,10200100104,0.1204,0.1507,0.0144,2310431,4
454,1993-08-23,1,SINGLE,N,0,10200100084,0.1204,0.1507,0.0144,1845026,0
455,1967-09-03,1,SINGLE,Y,0,10200100051,0.1032,0.1734,0.0464,3685695,3
456,1973-07-17,1,SINGLE,Y,0,10200100084,0.1032,0.1734,0.0464,3063923,0
457,1990-01-21,1,SINGLE,Y,0,10200100109,0.1032,0.1734,0.0464,1053923,1
458,1991-09-06,1,SINGLE,Y,0,10200100051,0.1032,0.1734,0.0464,1680187,3
459,1997-11-12,1,MARRIED,Y,0,10200100109,0.0733,0.1376,0.0189,4912231,1
460,1979-07-28,0,MARRIED,Y,0,10200100109,0.0733,0.1376,0.0189,4205694,1
461,1979-09-08,0,SINGLE,N,0,10200100092,0.0006,0.1015,0.0146,1170039,2
462,1965-04-28,1,SINGLE,N,0,10200100109,0.0006,0.1015,0.0146,4587325,1
463,1988-07-19,1,SINGLE,N,0,10200100051,0.0006,0.1015,0.0146,3262169,3
464,1972-10-23,1,SINGLE,N,0,10200100084,0.0006,0.1015,0.0146,2846354,0
465,2000-09-29,1,MARRIED,N,0,10200100104,0.0579,0.2883,0.0198,2070237,4
466,1978-10-23,0,MARRIED,Y,0,10200100104,-0.0322,0.1999,0.0202,3678220,4
467,1983-06-13,0,MARRIED,Y,0,10200100084,-0.0322,0.1999,0.0202,4576260,0
468,1996-12-14,0,MARRIED,Y,0,10200100084,-0.0322,0.1999,0.0202,2524045,0
469,1997-02-23,0,MARRIED,Y,0,10200100104,-0.0322,0.1999,0.0202,5098560,4
470,1992-05-16,0,MARRIED,N,0,10200100104,0.0656,0.1666,0.0109,4724864,4
471,1973-02-10,1,MARRIED,N,0,10200100104,0.0656,0.1666,0.0109,3153877,4
472,1995-05-15,1,MARRIED,N,0,10200100051,-0.0767,0.1093,0.0246,1218798,3
473,1971-11-10,1,MARRIED,N,0,10200100051,-0.0767,0.1093,0.0246,2845527,3
474,1965-10-14,1,SINGLE,Y,0,10200100104,0.1684,0.2528,0.0441,3338044,4
475,1973-08-13,0,MARRIED,Y,0,10200100092,0.1984,0.1376,0.0294,1623581,2
476,1987-05-29,0,MARRIED,Y,0,10200100084,0.1984,0.1376,0.0294,1760331,0
477,1966-04-29,0,MARRIED,Y,0,10200100051,0.1984,0.1376,0.0294,3643968,3
478,2001-12-23,0,MARRIED,Y,0,10200100104,0.1984,0.1376,0.0294,1450091,4
479,2003-06-21,0,MARRIED,Y,0,10200100109,0.0792,0.2692,0.0236,2173351,1
480,1990-03-18,1,MARRIED,Y,0,10200100109,0.0792,0.2692,0.0236,4306203,1
481,1980-12-28,1,MARRIED,Y,0,10200100092,0.0792,0.2692,0.0236,4864815,2
482,1980-05-26,1,SINGLE,N,0,10200100084,0.0408,0.282,0.0318,2748194,0
483,1992-10-21,1,SINGLE,N,0,10200100092,0.0408,0.282,0.0318,4572510,2
484,1966-03-07,1,SINGLE,N,0,10200100109,0.0408,0.282,0.0318,1359070,1
485,1994-11-04,1,SINGLE,N,0,10200100104,0.0408,0.282,0.0318,5446599,4
486,1965-09-19,1,SINGLE,N,0,10200100104,0.127,0.2374,0.01,1791171,4
487,1992-03-10,1,SINGLE,Y,0,10200100051,-0.0635,0.0698,0.0045,4702669,3
488,2004-12-18,0,MARRIED,Y,0,10200100084,-0.0626,0.1188,0.0186,1278781,0
489,1969-11-22,0,SINGLE,Y,0,10200100092,0.1548,0.2588,0.0452,4460934,2
490,1982-04-01,0,SINGLE,Y,0,10200100092,0.1548,0.2588,0.0452,4701145,2
491,1992-07-05,0,SINGLE,Y,0,10200100051,0.1548,0.2588,0.0452,2542931,3
492,1982-06-16,0,SINGLE,Y,0,10200100109,0.16,0.2351,0.0498,3116925,1
493,1973-12-29,0,SINGLE,Y,0,10200100109,0.16,0.2351,0.0498,3711144,1
494,1970-06-11,0,SINGLE,Y,0,10200100092,0.16,0.2351,0.0498,4583356,2
495,1977-11-05,0,SINGLE,Y,0,10200100104,0.16,0.2351,0.0498,2032441,4
496,1983-06-12,0,SINGLE,Y,0,10200100104,0.0309,0.2546,0.0357,1688920,4
497,1991-01-05,0,SINGLE,Y,0,10200100109,0.0309,0.2546,0.0357,4663554,1
498,1991-12-16,0,MARRIED,N,0,10200100092,0.1872,0.1147,0.0106,5428945,2
499,1966-01-28,1,MARRIED,N,0,10200100084,0.1872,0.1147,0.0106,4392235,0
500,1982-06-14,1,MARRIED,N,0,10200100104,-0.0109,0.126,0.0334,1384243,4
501,1984-02-11,0,MARRIED,N,0,10200100051,-0.0109,0.126,0.0334,2934765,3
502,1981-04-11,0,MARRIED,N,0,10200100104,-0.0109,0.126,0.0334,1342155,4
503,1965-03-24,0,MARRIED,N,0,10200100084,-0.0109,0.126,0.0334,1007567,0
504,1997-12-30,0,SINGLE,Y,0,10200100104,-0.033,0.1334,0.0123,4128847,4
505,1977-02-11,1,SINGLE,Y,0,10200100109,-0.033,0.1334,0.0123,5380268,1
506,1974-03-05,1,SINGLE,N,0,10200100084,0.0501,0.1634,0.0341,5059157,0
507,1985-08-22,0,SINGLE,N,0,10200100092,0.0501,0.1634,0.0341,4631293,2
508,1964-03-16,0,MARRIED,Y,0,10200100109,-0.0462,0.2793,0.0051,3272066,1
509,1992-10-31,0,MARRIED,Y,0,10200100092,-0.0462,0.2793,0.0051,2923611,2
510,1997-04-09,0,MARRIED,Y,0,10200100084,-0.0108,0.1719,0.0072,4584937,0
511,2001-11-19,0,MARRIED,Y,0,10200100092,-0.0108,0.1719,0.0072,4929206,2
512,1967-12-10,0,MARRIED,Y,0,10200100104,-0.0108,0.1719,0.0072,4159750,4
513,2002-06-19,0,MARRIED,Y,0,10200100084,0.1865,0.1125,0.0313,2700680,0
514,1999-01-26,1,MARRIED,Y,0,10200100109,0.1865,0.1125,0.0313,2117482,1
515,1989-11-22,1,MARRIED,Y,0,10200100084,0.1865,0.1125,0.0313,1293390,0
516,2003-09-07,1,MARRIED,Y,0,10200100051,0.1499,0.1826,0.0171,3388871,3
517,1966-02-06,1,MARRIED,Y,0,10200100051,0.1499,0.1826,0.0171,4166692,3
518,1985-08-11,1,MARRIED,Y,0,10200100109,0.1499,0.1826,0.0171,5423229,1
519,1989-01-07,1,MARRIED,Y,0,10200100051,0.1499,0.1826,0.0171,3502343,3
520,1992-06-25,1,MARRIED,N,0,10200100092,-0.0378,0.1741,0.0479,3504426,2
521,1981-12-13,1,MARRIED,N,0,10200100084,-0.0378,0.1741,0.0479,5218516,0
522,1995-01-29,1,SINGLE,Y,0,10200100109,0.1973,0.2098,0.0386,4795806,1
523,2004-12-21,1,SINGLE,Y,0,10200100104,0.1973,0.2098,0.0386,5185707,4
524,1989-03-26,1,SINGLE,Y,0,10200100109,0.1973,0.2098,0.0386,3256679,1
525,1972-05-17,1,MARRIED,Y,0,10200100084,0.166,0.0584,0.0251,5038993,0
526,2003-10-23,1,MARRIED,Y,0,10200100084,0.166,0.0584,0.0251,1932272,0
527,1985-08-02,1,MARRIED,Y,0,10200100084,0.166,0.0584,0.0251,4294564,0
528,1986-11-08,1,MARRIED,Y,0,10200100104,0.166,0.0584,0.0251,1816506,4
529,1965-02-25,1,SINGLE,N,0,10200100104,-0.0251,0.1747,0.0123,3024441,4
530,1993-06-04,1,SINGLE,N,0,10200100051,-0.0251,0.1747,0.0123,4842887,3
531,1964-03-05,1,SINGLE,N,0,10200100084,-0.0251,0.1747,0.0123,1359962,0
532,2001-08-10,1,MARRIED,Y,0,10200100109,-0.08,0.0518,0.0113,1817171,1
533,1984-08-10,1,MARRIED,Y,0,10200100109,-0.08,0.0518,0.0113,3468173,1
534,2001-04-02,1,MARRIED,Y,0,10200100084,-0.08,0.0518,0.0113,3323227,0
535,1965-12-07,1,SINGLE,N,0,10200100084,0.0474,0.2618,0.0143,4732350,0
536,1987-08-30,0,SINGLE,N,0,10200100092,0.0474,0.2618,0.0143,4665276,2
537,1983-01-28,0,SINGLE,N,0,10200100109,0.0474,0.2618,0.0143,1952698,1
538,1974-07-03,0,MARRIED,Y,0,10200100092,0.0686,0.1599,0.0145,4859226,2
539,1969-09-15,0,MARRIED,Y,0,10200100051,0.0686,0.1599,0.0145,1346774,3
540,1966-03-30,0,MARRIED,Y,0,10200100051,0.0686,0.1599,0.0145,4341544,3
541,1975-09-16,0,MARRIED,Y,0,10200100104,0.0686,0.1599,0.0145,4714604,4
542,1986-03-15,0,SINGLE,Y,0,10200100092,0.1159,0.2631,0.0188,5333238,2
543,1989-12-26,0,SINGLE,Y,0,10200100104,0.1159,0.2631,0.0188,5249906,4
544,1998-02-20,0,SINGLE,Y,0,10200100104,0.1159,0.2631,0.0188,4944546,4
545,1994-01-23,0,MARRIED,N,0,10200100092,0.0491,0.1717,0.0422,2383471,2
546,1969-07-27,0,MARRIED,N,0,10200100051,0.1875,0.1692,0.0026,1766833,3
547,1978-12-25,0,SINGLE,N,0,10200100084,0.0047,0.2796,0.0191,2886495,0
548,2001-04-01,1,SINGLE,N,0,10200100051,0.0047,0.2796,0.0191,4100592,3
549,2002-04-13,1,SINGLE,N,0,10200100092,0.0047,0.2796,0.0191,2295749,2
550,1981-05-10,1,SINGLE,N,0,10200100109,0.1421,0.141,0.0183,3901714,1
551,1982-09-03,0,SINGLE,N,0,10200100109,0.1421,0.141,0.0183,4258470,1
552,1970-08-03,0,SINGLE,N,0,10200100092,0.1421,0.141,0.0183,5218434,2
553,1964-06-29,0,SINGLE,N,0,10200100084,0.1421,0.141,0.0183,3360324,0
554,2003-04-08,0,MARRIED,Y,0,10200100109,-0.0822,0.1012,0.0478,1262379,1
555,1984-12-08,1,MARRIED,Y,0,10200100084,-0.0822,0.1012,0.0478,1175151,0
556,1990-06-26,1,SINGLE,Y,0,10200100104,-0.0949,0.2961,0.0044,1258196,4
557,1987-07-24,1,SINGLE,Y,0,10200100092,-0.0949,0.2961,0.0044,1775445,2
558,2003-02-12,1,SINGLE,Y,0,10200100109,-0.0949,0.2961,0.0044,4381942,1
559,1973-02-26,1,MARRIED,Y,0,10200100104,0.0962,0.2196,0.0284,3188861,4
560,1997-01-18,0,MARRIED,Y,0,10200100092,-0.0914,0.2763,0.0409,3436951,2
561,1984-05-30,1,MARRIED,Y,0,10200100104,-0.0914,0.2763,0.0409,1484449,4
562,1970-04-27,1,SINGLE,Y,0,10200100109,0.127,0.2505,0.0133,2958659,1
563,1967-05-07,0,SINGLE,Y,0,10200100104,0.127,0.2505,0.0133,3312508,4
564,1997-12-12,0,SINGLE,Y,0,10200100084,0.127,0.2505,0.0133,3713780,0
565,1970-08-27,0,MARRIED,N,0,10200100084,0.1397,0.0998,0.0253,1592054,0
566,1991-04-20,1,MARRIED,N,0,10200100084,0.1397,0.0998,0.0253,4090713,0
567,1999-10-21,1,SINGLE,N,0,10200100104,0.1758,0.1804,0.0014,4725510,4
568,1982-09-09,1,MARRIED,Y,0,10200100104,0.088,0.1672,0.024,4642266,4
569,1985-07-29,0,MARRIED,Y,0,10200100104,0.088,0.1672,0.024,1184936,4
570,1976-10-04,0,SINGLE,N,0,10200100109,-0.0776,0.1302,0.0416,4019327,1
571,1997-03-23,1,SINGLE,N,0,10200100084,0.1928,0.1195,0.0446,4980242,0
572,1994-06-11,0,SINGLE,N,0,10200100109,0.1928,0.1195,0.0446,5038507,1
573,1998-08-26,0,MARRIED,N,0,10200100051,0.1354,0.1038,0.0119,1025996,3
574,2004-11-25,0,MARRIED,N,0,10200100051,0.1354,0.1038,0.0119,1961466,3
575,1978-07-01,0,MARRIED,N,0,10200100104,0.0151,0.1466,0.0265,3371349,4
576,1999-09-14,1,MARRIED,N,0,10200100104,0.0151,0.1466,0.0265,5125216,4
577,1986-11-28,1,MARRIED,N,0,10200100051,0.0696,0.2229,0.0119,3225755,3
578,2006-08-04,1,MARRIED,N,0,10200100084,0.1115,0.077,0.0333,5202315,0
579,1995-01-31,0,MARRIED,N,0,10200100109,0.0193,0.2448,0.0359,5484474,1
580,1983-07-26,0,MARRIED,N,0,10200100084,0.0193,0.2448,0.0359,4193631,0
581,2006-12-14,0,MARRIED,N,0,10200100084,0.0193,0.2448,0.0359,1240507,0
582,1967-05-12,0,SINGLE,Y,0,10200100104,0.0637,0.1012,0.0244,5026311,4
583,1979-03-17,0,SINGLE,Y,0,10200100104,0.0637,0.1012,0.0244,1338732,4
584,1986-07-22,0,SINGLE,Y,0,10200100051,0.072,0.2937,0.0025,3513051,3
585,1995-02-07,1,SINGLE,N,0,10200100084,0.0119,0.0945,0.0165,2429593,0
586,1970-12-19,0,SINGLE,N,0,10200100104,0.0119,0.0945,0.0165,4026437,4
587,2005-11-23,0,MARRIED,Y,0,10200100092,0.032,0.2445,0.0138,3206602,2
588,2004-10-04,1,MARRIED,N,0,10200100104,0.1343,0.1028,0.0489,1441289,4
589,1997-10-27,0,MARRIED,N,0,10200100084,0.1343,0.1028,0.0489,4278995,0
590,1997-05-30,0,SINGLE,N,0,10200100051,-0.032,0.1305,0.0313,4925363,3
591,2004-06-01,0,SINGLE,N,0,10200100084,-0.032,0.1305,0.0313,4493590,0
592,1977-04-22,0,SINGLE,N,0,10200100109,-0.032,0.1305,0.0313,1415472,1
593,1969-09-11,0,MARRIED,N,0,10200100092,0.1662,0.124,0.0054,2003001,2
594,1984-09-04,1,MARRIED,N,0,10200100109,0.1662,0.124,0.0054,1399599,1
595,2006-01-16,1,SINGLE,N,0,10200100092,0.042,0.0823,0.0296,1306919,2
596,1984-09-10,0,SINGLE,N,0,10200100084,0.042,0.0823,0.0296,2237577,0
597,1979-04-19,0,SINGLE,Y,0,10200100109,0.0557,0.1114,0.0058,2933479,1
598,1987-01-07,1,SINGLE,Y,0,10200100051,0.0557,0.1114,0.0058,1784808,3
599,1993-09-17,1,MARRIED,N,0,10200100104,0.0392,0.2582,0.0433,1339404,4
600,1997-03-28,0,MARRIED,N,0,10200100051,0.0392,0.2582,0.0433,1141753,3
601,2004-08-17,0,MARRIED,N,0,10200100084,0.0392,0.2582,0.0433,2787418,0
602,2005-08-01,0,MARRIED,N,0,10200100051,0.0392,0.2582,0.0433,1756606,3
603,2002-08-08,0,MARRIED,Y,0,10200100109,0.0638,0.0753,0.025,5036503,1
604,1984-05-06,0,MARRIED,Y,0,10200100109,0.0638,0.0753,0.025,3096039,1
605,2006-09-25,0,SINGLE,N,0,10200100104,0.1814,0.2795,0.033,3887322,4
606,1985-05-08,1,SINGLE,N,0,10200100104,0.1814,0.2795,0.033,3784215,4
607,1977-06-15,1,SINGLE,N,0,10200100092,0.1814,0.2795,0.033,2638668,2
608,1986-12-27,1,SINGLE,N,0,10200100104,0.1814,0.2795,0.033,1460961,4
609,1994-04-17,1,MARRIED,Y,0,10200100092,0.1484,0.1563,0.0057,1695662,2
610,1977-09-16,0,MARRIED,N,0,10200100092,-0.0426,0.1522,0.0158,2380640,2
611,2002-03-11,1,MARRIED,N,0,10200100109,-0.0426,0.1522,0.0158,1261881,1
612,1998-04-08,1,MARRIED,N,0,10200100092,-0.0426,0.1522,0.0158,3836529,2
613,1964-09-16,1,MARRIED,Y,0,10200100104,0.0439,0.0668,0.0339,4153859,4
614,1972-06-24,0,MARRIED,Y,0,10200100084,0.0439,0.0668,0.0339,4466220,0
615,1973-08-24,0,SINGLE,Y,0,10200100109,-0.0104,0.1835,0.0058,3383658,1
616,1991-07-07,1,SINGLE,N,0,10200100109,0.0664,0.1006,0.002,3792220,1
617,1974-09-18,1,SINGLE,N,0,10200100104,0.0664,0.1006,0.002,4595983,4
618,1996-11-05,1,SINGLE,N,0,10200100109,0.0664,0.1006,0.002,1056001,1
619,2004-03-19,1,SINGLE,N,0,10200100092,0.0664,0.1006,0.002,5119220,2
620,1981-08-15,1,SINGLE,N,0,10200100104,-0.0661,0.0736,0.0097,5430669,4
621,1972-04-17,0,SINGLE,N,0,10200100109,-0.0661,0.0736,0.0097,2113793,1
622,1968-09-08,0,SINGLE,N,0,10200100051,-0.0661,0.0736,0.0097,3809168,3
623,1968-07-17,0,SINGLE,N,0,10200100104,-0.0661,0.0736,0.0097,1050329,4
624,1969-05-26,0,SINGLE,N,0,10200100104,0.1076,0.1359,0.0421,1950355,4
625,1970-03-31,1,SINGLE,N,0,10200100051,0.1076,0.1359,0.0421,1159982,3
626,1985-07-28,1,MARRIED,N,0,10200100084,-0.0758,0.0765,0.0288,2745828,0
627,2006-02-08,1,MARRIED,Y,0,10200100109,0.0247,0.2104,0.0475,3440075,1
628,1966-04-11,0,MARRIED,Y,0,10200100109,0.0247,0.2104,0.0475,5093932,1
629,1992-03-29,0,MARRIED,Y,0,10200100084,0.0247,0.2104,0.0475,1535440,0
630,2005-09-30,0,MARRIED,Y,0,10200100104,0.0247,0.2104,0.0475,1943493,4
631,2000-02-14,0,SINGLE,N,0,10200100104,0.0998,0.1246,0.0187,1621374,4
632,1990-03-11,0,SINGLE,N,0,10200100104,0.0998,0.1246,0.0187,1980770,4
633,1973-04-03,0,MARRIED,Y,0,10200100092,0.1983,0.1563,0.0024,2380682,2
634,2002-08-11,1,MARRIED,Y,0,10200100084,0.1983,0.1563,0.0024,4771223,0
635,1992-03-20,1,MARRIED,Y,0,10200100084,0.1983,0.1563,0.0024,1681931,0
636,1998-04-02,1,MARRIED,Y,0,10200100104,0.1983,0.1563,0.0024,5109389,4
637,1990-05-26,1,SINGLE,N,0,10200100109,-0.0542,0.1745,0.0326,1109141,1
638,1994-01-17,1,SINGLE,N,0,10200100104,-0.0542,0.1745,0.0326,5393557,4
639,1971-06-26,1,SINGLE,N,0,10200100104,-0.0542,0.1745,0.0326,5024542,4
640,1964-11-14,1,SINGLE,N,0,10200100051,-0.0542,0.1745,0.0326,4320497,3
641,1996-07-19,1,SINGLE,Y,0,10200100051,-0.0711,0.1081,0.0312,2882505,3
642,1997-07-12,0,SINGLE,Y,0,10200100109,-0.0711,0.1081,0.0312,4036623,1
643,1974-01-06,0,SINGLE,Y,0,10200100104,-0.0711,0.1081,0.0312,4769503,4
644,1977-01-21,0,SINGLE,N,0,10200100084,0.1682,0.2858,0.0424,2769438,0
645,1990-06-15,0,SINGLE,N,0,10200100084,0.1682,0.2858,0.0424,1596255,0
646,1977-03-29,0,SINGLE,Y,0,10200100109,0.0659,0.1106,0.0242,5398667,1
647,1990-01-01,0,SINGLE,N,0,10200100109,0.1151,0.2757,0.0313,2038728,1
648,1965-04-13,1,SINGLE,N,0,10200100109,0.1151,0.2757,0.0313,1157383,1
649,1987-06-20,1,SINGLE,N,0,10200100104,0.1151,0.2757,0.0313,1797964,4
650,1977-12-04,1,SINGLE,N,0,10200100084,0.044,0.0728,0.0315,2087297,0
651,2000-10-22,1,SINGLE,N,0,10200100109,0.044,0.0728,0.0315,2211027,1
652,1994-03-16,1,SINGLE,N,0,10200100084,0.044,0.0728,0.0315,4888682,0
653,1992-12-07,1,SINGLE,N,0,10200100092,0.044,0.0728,0.0315,2704349,2
654,1978-12-17,1,MARRIED,Y,0,10200100109,0.1563,0.2371,0.0493,4277168,1
655,1978-01-14,0,MARRIED,Y,0,10200100109,-0.0066,0.2816,0.0256,3903335,1
656,1988-03-22,1,MARRIED,Y,0,10200100084,-0.0066,0.2816,0.0256,3535905,0
657,1987-08-11,1,MARRIED,Y,0,10200100051,-0.0066,0.2816,0.0256,5285190,3
658,1978-06-18,1,MARRIED,Y,0,10200100051,-0.0066,0.2816,0.0256,3256680,3
659,1993-07-28,1,MARRIED,Y,0,10200100104,0.151,0.1568,0.0467,2718524,4
660,2006-06-10,1,MARRIED,N,0,10200100092,0.0357,0.1184,0.0497,1942999,2
661,1970-06-19,0,MARRIED,N,0,10200100109,0.0357,0.1184,0.0497,3990112,1
662,2002-01-28,0,MARRIED,N,0,10200100104,0.0357,0.1184,0.0497,4743482,4
663,1990-12-24,0,MARRIED,N,0,10200100051,0.0357,0.1184,0.0497,4337660,3
664,1978-11-02,0,MARRIED,N,0,10200100084,0.0385,0.0654,0.0443,3996251,0
665,1992-07-19,0,MARRIED,Y,0,10200100084,0.0805,0.2288,0.0363,3116562,0
666,1986-10-21,0,MARRIED,Y,0,10200100109,0.0805,0.2288,0.0363,4170771,1
667,2006-08-27,0,MARRIED,Y,0,10200100104,0.0805,0.2288,0.0363,1966115,4
668,1988-10-23,0,MARRIED,Y,0,10200100051,-0.0936,0.1545,0.0268,3802488,3
669,1977-05-11,1,MARRIED,Y,0,10200100084,-0.0936,0.1545,0.0268,4489100,0
670,1964-04-03,1,MARRIED,Y,0,10200100104,-0.0936,0.1545,0.0268,4984969,4
671,2005-12-15,1,MARRIED,Y,0,10200100051,0.084,0.1538,0.0448,3108806,3
672,1973-09-11,0,SINGLE,N,0,10200100051,-0.0815,0.0835,0.0478,4791435,3
673,2004-01-14,1,SINGLE,N,0,10200100051,-0.0815,0.0835,0.0478,3440756,3
674,1979-12-20,1,SINGLE,N,0,10200100104,-0.0815,0.0835,0.0478,3123088,4
675,2005-07-14,1,MARRIED,Y,0,10200100092,0.0346,0.2705,0.0418,3307706,2
676,1967-02-01,0,SINGLE,N,0,10200100051,0.0476,0.2061,0.0382,2590798,3
677,1986-10-24,0,SINGLE,N,0,10200100051,0.0476,0.2061,0.0382,1076978,3
678,1988-07-29,0,SINGLE,N,0,10200100104,0.0476,0.2061,0.0382,4105452,4
679,1999-03-04,0,SINGLE,N,0,10200100104,0.0476,0.2061,0.0382,2565747,4
680,1981-11-02,0,SINGLE,N,0,10200100104,-0.0187,0.1193,0.0099,2365327,4
681,1980-11-16,1,SINGLE,N,0,10200100051,-0.0187,0.1193,0.0099,1994832,3
682,1990-09-17,1,SINGLE,N,0,10200100051,-0.0187,0.1193,0.0099,5346474,3
683,1972-05-27,1,SINGLE,N,0,10200100084,-0.0187,0.1193,0.0099,4821451,0
684,1996-02-24,1,MARRIED,N,0,10200100104,0.0929,0.129,0.0357,2660120,4
685,1972-05-03,1,SINGLE,Y,0,10200100104,-0.0918,0.1107,0.0406,1563246,4
686,2006-02-27,0,SINGLE,Y,0,10200100109,-0.0754,0.2661,0.0441,1229030,1
687,2004-08-28,0,SINGLE,Y,0,10200100084,-0.0754,0.2661,0.0441,5010930,0
688,1993-09-07,0,SINGLE,Y,0,10200100084,-0.0754,0.2661,0.0441,2333463,0
689,1980-12-24,0,SINGLE,Y,0,10200100051,-0.0778,0.1681,0.0339,5204778,3
690,2003-07-03,0,SINGLE,Y,0,10200100104,-0.0778,0.1681,0.0339,3522278,4
691,1990-04-02,0,SINGLE,N,0,10200100109,0.13,0.157,0.0096,4910694,1
692,1985-03-20,0,SINGLE,N,0,10200100104,0.13,0.157,0.0096,2295276,4
693,1992-10-20,0,SINGLE,N,0,10200100084,0.13,0.157,0.0096,4544686,0
694,1996-07-21,0,SINGLE,N,0,10200100104,0.13,0.157,0.0096,3766267,4
695,2000-06-02,0,SINGLE,Y,0,10200100051,0.0971,0.0519,0.0361,3139950,3
696,2003-04-24,0,SINGLE,Y,0,10200100051,0.1293,0.2532,0.0481,5449969,3
697,1987-08-11,0,SINGLE,Y,0,10200100084,0.1293,0.2532,0.0481,2686556,0
698,1996-02-07,0,SINGLE,Y,0,10200100084,0.1293,0.2532,0.0481,5179287,0
699,1967-08-08,0,SINGLE,Y,0,10200100109,0.1293,0.2532,0.0481,2613372,1
700,1993-10-23,0,MARRIED,N,0,10200100109,-0.0957,0.1894,0.0057,2633851,1
701,1992-09-14,0,MARRIED,N,0,10200100092,-0.0957,0.1894,0.0057,3729292,2
702,2003-11-12,0,MARRIED,N,0,10200100109,-0.0957,0.1894,0.0057,2476916,1
703,1996-06-02,0,MARRIED,N,0,10200100092,-0.0957,0.1894,0.0057,2544015,2
704,1995-05-21,0,SINGLE,N,0,10200100092,0.1496,0.2593,0.0011,4074835,2
705,2005-12-08,1,SINGLE,N,0,10200100092,0.1496,0.2593,0.0011,1452066,2
706,1964-01-15,1,MARRIED,N,0,10200100084,0.1429,0.1485,0.021,1968574,0
707,1976-04-02,0,MARRIED,N,0,10200100104,0.1429,0.1485,0.021,2352577,4
708,2005-05-18,0,SINGLE,N,0,10200100084,0.0883,0.2413,0.0266,4174140,0
709,1995-11-19,0,SINGLE,N,0,10200100104,0.0883,0.2413,0.0266,2305473,4
710,1966-05-11,0,SINGLE,N,0,10200100104,0.0883,0.2413,0.0266,2218486,4
711,1978-12-25,0,MARRIED,N,0,10200100051,-0.076,0.273,0.0411,1339141,3
712,1981-04-13,0,MARRIED,Y,0,10200100092,0.1647,0.2299,0.0334,3524368,2
713,1974-01-27,0,MARRIED,Y,0,10200100109,0.1647,0.2299,0.0334,1093471,1
714,1999-05-09,0,SINGLE,Y,0,10200100051,0.0359,0.0935,0.0346,2032626,3
715,1994-08-20,1,SINGLE,N,0,10200100092,0.1152,0.0734,0.0201,4336145,2
716,1965-12-27,0,SINGLE,N,0,10200100104,0.1152,0.0734,0.0201,2089690,4
717,1974-04-11,0,SINGLE,N,0,10200100104,0.1152,0.0734,0.0201,3474954,4
718,1984-01-13,0,SINGLE,N,0,10200100104,0.1152,0.0734,0.0201,1245176,4
719,2003-03-09,0,SINGLE,Y,0,10200100109,-0.0001,0.0889,0.0181,2569607,1
720,2002-10-02,0,SINGLE,Y,0,10200100092,-0.0001,0.0889,0.0181,1170026,2
721,1993-11-05,0,SINGLE,Y,0,10200100109,-0.0001,0.0889,0.0181,3145123,1
722,1975-09-01,0,MARRIED,N,0,10200100104,-0.0828,0.178,0.0015,3475513,4
723,1971-04-22,0,SINGLE,N,0,10200100084,0.1367,0.1902,0.0089,3626438,0
724,2004-10-01,1,SINGLE,N,0,10200100092,0.1367,0.1902,0.0089,1448552,2
725,1979-08-03,1,SINGLE,N,0,10200100109,0.1367,0.1902,0.0089,1308016,1
726,1967-04-07,1,MARRIED,Y,0,10200100109,-0.0792,0.1157,0.015,2808922,1
727,2000-03-02,0,MARRIED,Y,0,10200100084,0.1153,0.2656,0.0455,1371834,0
728,1972-06-26,1,MARRIED,Y,0,10200100092,0.1153,0.2656,0.0455,2064517,2
729,2001-06-27,1,MARRIED,Y,0,10200100109,0.1153,0.2656,0.0455,3860565,1
730,1979-09-26,1,MARRIED,Y,0,10200100109,0.1153,0.2656,0.0455,3887554,1
731,1966-12-07,1,SINGLE,N,0,10200100051,-0.0042,0.2678,0.0457,3772835,3
732,1964-11-06,0,SINGLE,N,0,10200100109,-0.0042,0.2678,0.0457,2001949,1
733,1995-11-13,0,SINGLE,N,0,10200100104,0.0424,0.2369,0.0431,3338655,4
734,1972-03-08,1,SINGLE,N,0,10200100092,0.0734,0.1453,0.0387,5218606,2
735,1988-03-31,0,SINGLE,N,0,10200100092,0.0194,0.1607,0.0247,2214081,2
736,2004-01-11,1,MARRIED,Y,0,10200100084,-0.0605,0.1901,0.0073,3096778,0
737,1989-09-06,0,MARRIED,Y,0,10200100051,-0.0605,0.1901,0.0073,2771480,3
738,1998-11-14,0,MARRIED,Y,0,10200100084,0.0143,0.1334,0.0353,3120429,0
739,1966-04-09,0,SINGLE,Y,0,10200100104,0.1657,0.2371,0.0141,4548707,4
740,1996-08-08,0,SINGLE,Y,0,10200100051,0.1657,0.2371,0.0141,5464054,3
741,1983-04-14,0,SINGLE,Y,0,10200100051,0.1657,0.2371,0.0141,5337252,3
742,1998-04-05,0,SINGLE,N,0,10200100104,0.106,0.1865,0.0351,4458224,4
743,1980-10-23,0,MARRIED,N,0,10200100092,0.0806,0.2711,0.044,1095917,2
744,1965-05-19,0,MARRIED,N,0,10200100051,0.0806,0.2711,0.044,2081615,3
745,1984-08-24,0,MARRIED,Y,0,10200100092,0.1299,0.2558,0.0497,1232406,2
746,1996-02-17,1,MARRIED,Y,0,10200100084,0.1299,0.2558,0.0497,3429784,0
747,1996-03-25,1,MARRIED,N,0,10200100109,0.0417,0.1252,0.0101,4623309,1
748,1996-08-25,1,SINGLE,N,0,10200100104,0.1499,0.1748,0.0181,1306754,4
749,1968-10-11,0,SINGLE,N,0,10200100092,0.1499,0.1748,0.0181,4461418,2
750,2003-12-11,0,SINGLE,N,0,10200100051,0.1499,0.1748,0.0181,4054882,3
751,2000-04-05,0,SINGLE,N,0,10200100092,0.1499,0.1748,0.0181,1067663,2
752,1998-02-17,0,MARRIED,Y,0,10200100051,-0.0942,0.0922,0.0265,5367160,3
753,1999-08-31,1,SINGLE,N,0,10200100109,-0.0784,0.1367,0.044,5414107,1
754,1979-03-23,1,SINGLE,N,0,10200100084,-0.0784,0.1367,0.044,2105976,0
755,1972-10-04,1,SINGLE,N,0,10200100109,-0.0784,0.1367,0.044,1139882,1
756,1998-02-19,1,SINGLE,N,0,10200100084,-0.0784,0.1367,0.044,2361109,0
757,1980-03-31,1,MARRIED,N,0,10200100104,0.0213,0.293,0.0365,4064133,4
758,2006-06-19,0,MARRIED,N,0,10200100051,0.0213,0.293,0.0365,4697001,3
759,1971-02-15,0,MARRIED,N,0,10200100104,0.0213,0.293,0.0365,3840727,4
760,1996-04-07,0,MARRIED,N,0,10200100084,0.0213,0.293,0.0365,4401560,0
761,1975-08-11,0,SINGLE,N,0,10200100109,0.1268,0.2218,0.0135,4846121,1
762,1994-11-20,1,SINGLE,N,0,10200100109,0.1268,0.2218,0.0135,5492983,1
763,2006-11-06,1,MARRIED,N,0,10200100084,0.1874,0.2903,0.0145,3258467,0
764,1997-04-05,1,MARRIED,N,0,10200100109,0.1874,0.2903,0.0145,1963588,1
765,1993-12-29,1,MARRIED,N,0,10200100051,0.1814,0.1414,0.0309,4758564,3
766,1992-02-15,1,MARRIED,N,0,10200100109,0.1814,0.1414,0.0309,1357093,1
767,1966-11-09,1,MARRIED,N,0,10200100104,0.1814,0.1414,0.0309,2022459,4
768,1998-06-04,1,SINGLE,N,0,10200100104,-0.0506,0.22,0.0398,2130469,4
769,1972-06-22,0,SINGLE,N,0,10200100092,-0.0506,0.22,0.0398,3392966,2
770,1972-11-09,0,SINGLE,N,0,10200100109,0.0942,0.1739,0.043,2256723,1
771,1981-05-25,0,SINGLE,Y,0,10200100051,-0.0819,0.0881,0.0438,2883216,3
772,1994-02-10,1,SINGLE,Y,0,10200100051,-0.0819,0.0881,0.0438,1577353,3
773,1979-11-11,1,SINGLE,Y,0,10200100104,-0.0819,0.0881,0.0438,5013700,4
774,2003-05-27,1,SINGLE,Y,0,10200100104,0.1161,0.1126,0.0486,2821664,4
775,1973-03-29,1,SINGLE,Y,0,10200100092,0.1161,0.1126,0.0486,1636719,2
776,1964-12-03,1,SINGLE,N,0,10200100109,0.125,0.1523,0.0205,4501659,1
777,1994-05-23,1,SINGLE,N,0,10200100084,0.125,0.1523,0.0205,1804029,0
778,2004-07-01,1,SINGLE,N,0,10200100104,0.125,0.1523,0.0205,5341391,4
779,1995-03-03,1,SINGLE,N,0,10200100104,0.1104,0.177,0.0104,1478197,4
780,1990-05-13,1,SINGLE,N,0,10200100109,0.1104,0.177,0.0104,5023396,1
781,1990-02-01,1,SINGLE,N,0,10200100109,0.1104,0.177,0.0104,4238964,1
782,1982-01-30,1,SINGLE,N,0,10200100109,0.1104,0.177,0.0104,4269510,1
783,2001-11-10,1,SINGLE,Y,0,10200100092,-0.0774,0.1898,0.0249,3481050,2
784,1967-10-05,1,SINGLE,Y,0,10200100109,-0.0774,0.1898,0.0249,5195157,1
785,1984-07-18,1,SINGLE,Y,0,10200100109,-0.0774,0.1898,0.0249,4032359,1
786,1966-06-18,1,SINGLE,Y,0,10200100051,0.0834,0.1763,0.0082,4772721,3
787,1980-09-23,0,SINGLE,Y,0,10200100109,0.0834,0.1763,0.0082,2705006,1
788,1971-06-06,0,SINGLE,Y,0,10200100104,0.0834,0.1763,0.0082,4469223,4
789,1984-06-18,0,SINGLE,N,0,10200100051,-0.0261,0.2134,0.0231,1261685,3
790,2005-08-31,1,SINGLE,N,0,10200100109,-0.0261,0.2134,0.0231,1663483,1
791,1974-03-21,1,SINGLE,N,0,10200100051,-0.0261,0.2134,0.0231,4333932,3
792,1966-11-12,1,SINGLE,N,0,10200100051,-0.0261,0.2134,0.0231,4634998,3
793,1979-07-05,1,MARRIED,N,0,10200100104,0.0234,0.2718,0.014,1640992,4
794,1996-08-16,1,MARRIED,N,0,10200100092,0.0234,0.2718,0.014,1537021,2
795,1978-07-20,1,MARRIED,N,0,10200100051,0.0234,0.2718,0.014,2368071,3
796,1967-06-02,1,MARRIED,N,0,10200100104,0.0234,0.2718,0.014,4764849,4
797,2003-04-16,1,MARRIED,N,0,10200100084,0.0811,0.0903,0.0251,3568018,0
798,1980-03-11,1,MARRIED,N,0,10200100104,0.0811,0.0903,0.0251,4492419,4
799,1985-07-12,1,MARRIED,N,0,10200100092,0.0811,0.0903,0.0251,2954845,2
800,1975-02-11,1,MARRIED,N,0,10200100092,0.0009,0.1135,0.0343,4636421,2
801,2001-07-20,1,MARRIED,N,0,10200100104,0.0009,0.1135,0.0343,3610467,4
802,1992-12-07,1,MARRIED,N,0,10200100104,0.0009,0.1135,0.0343,5107405,4
803,1972-06-17,1,MARRIED,Y,0,10200100104,0.0422,0.1627,0.0227,1042462,4
804,1964-07-23,1,MARRIED,N,0,10200100109,0.1422,0.1103,0.0319,2653266,1
805,1990-04-09,0,MARRIED,N,0,10200100109,0.1422,0.1103,0.0319,1189662,1
806,1970-12-04,0,SINGLE,Y,0,10200100109,-0.0219,0.2375,0.0066,4342382,1
807,1964-07-22,0,MARRIED,N,0,10200100084,0.086,0.2542,0.0448,2144257,0
808,1969-01-21,1,MARRIED,N,0,10200100084,0.086,0.2542,0.0448,1136573,0
809,2002-10-18,1,MARRIED,N,0,10200100084,0.086,0.2542,0.0448,3536146,0
810,1994-10-04,1,MARRIED,N,0,10200100104,0.086,0.2542,0.0448,1078111,4
811,1977-05-31,1,SINGLE,N,0,10200100051,-0.0632,0.2503,0.018,1346439,3
812,1976-06-26,1,SINGLE,N,0,10200100051,-0.0632,0.2503,0.018,3134551,3
813,1996-05-22,1,SINGLE,N,0,10200100051,-0.0632,0.2503,0.018,3221348,3
814,1993-01-13,1,SINGLE,N,0,10200100051,-0.0632,0.2503,0.018,2566726,3
815,1971-05-09,1,SINGLE,Y,0,10200100092,0.0409,0.0642,0.0134,2695356,2
816,1982-07-03,1,SINGLE,Y,0,10200100084,0.0409,0.0642,0.0134,1404056,0
817,1967-07-21,1,SINGLE,Y,0,10200100084,0.077,0.1864,0.0262,4358043,0
818,1999-03-25,0,SINGLE,Y,0,10200100092,0.077,0.1864,0.0262,1478654,2
819,1969-09-01,0,SINGLE,Y,0,10200100092,0.077,0.1864,0.0262,3387914,2
820,2002-10-30,0,MARRIED,Y,0,10200100092,0.0032,0.1907,0.0174,3887590,2
821,1965-04-25,1,MARRIED,Y,0,10200100051,0.0032,0.1907,0.0174,1866119,3
822,1982-05-06,1,MARRIED,Y,0,10200100104,0.0032,0.1907,0.0174,1370264,4
823,2002-08-14,1,MARRIED,Y,0,10200100109,0.1177,0.2703,0.0496,3150047,1
824,1978-10-31,1,MARRIED,Y,0,10200100092,0.1177,0.2703,0.0496,1517835,2
825,1995-07-27,1,MARRIED,Y,0,10200100092,0.1177,0.2703,0.0496,2288607,2
826,1982-10-16,1,MARRIED,Y,0,10200100104,0.1177,0.2703,0.0496,2694213,4
827,1986-04-24,1,SINGLE,N,0,10200100092,0.0,0.2938,0.0422,4001572,2
828,1975-09-09,0,SINGLE,N,0,10200100092,0.0,0.2938,0.0422,1339286,2
829,1991-01-11,0,SINGLE,Y,0,10200100104,0.1823,0.2801,0.0168,2694912,4
830,1986-03-30,0,SINGLE,Y,0,10200100092,0.1823,0.2801,0.0168,5096526,2
831,1976-12-07,0,SINGLE,Y,0,10200100109,0.1823,0.2801,0.0168,1269217,1
832,1979-12-31,0,SINGLE,Y,0,10200100084,0.1823,0.2801,0.0168,4492037,0
833,1978-09-11,0,SINGLE,N,0,10200100051,0.1907,0.2208,0.0048,1878478,3
834,2000-10-23,1,SINGLE,N,0,10200100092,0.1907,0.2208,0.0048,3405598,2
835,2002-08-18,1,MARRIED,Y,0,10200100109,0.1721,0.0866,0.0286,1262636,1
836,1987-08-11,0,MARRIED,Y,0,10200100051,0.1323,0.0541,0.0259,2998336,3
837,1996-03-04,1,MARRIED,Y,0,10200100092,0.1323,0.0541,0.0259,2250112,2
838,1977-03-28,1,SINGLE,N,0,10200100051,0.143,0.2564,0.027,3582570,3
839,1965-07-21,0,SINGLE,N,0,10200100109,0.143,0.2564,0.027,5294718,1
840,1990-09-01,0,SINGLE,N,0,10200100084,0.143,0.2564,0.027,4515429,0
841,1966-06-07,0,SINGLE,N,0,10200100092,0.143,0.2564,0.027,3196967,2
842,2000-05-02,0,SINGLE,Y,0,10200100051,-0.024,0.0801,0.0272,5202268,3
843,1995-04-13,0,MARRIED,N,0,10200100104,0.0274,0.274,0.0025,2640693,4
844,1971-10-19,1,MARRIED,N,0,10200100109,0.0274,0.274,0.0025,2551289,1
845,1991-12-03,1,SINGLE,N,0,10200100092,0.126,0.1206,0.0302,4686709,2
846,1995-04-11,0,SINGLE,N,0,10200100051,0.126,0.1206,0.0302,1647033,3
847,1988-09-03,0,SINGLE,N,0,10200100092,0.126,0.1206,0.0302,2097284,2
848,1996-01-17,0,SINGLE,Y,0,10200100109,0.1262,0.1974,0.0124,3771016,1
849,1996-06-16,0,SINGLE,N,0,10200100051,-0.0004,0.1082,0.0437,4309624,3
850,1965-03-03,0,SINGLE,N,0,10200100092,-0.0004,0.1082,0.0437,1515963,2
851,1976-09-09,0,SINGLE,N,0,10200100109,-0.0004,0.1082,0.0437,2848952,1
852,1983-11-14,0,MARRIED,N,0,10200100092,0.14,0.1884,0.0016,4795600,2
853,1972-10-02,1,MARRIED,Y,0,10200100104,-0.049,0.0518,0.011,4850678,4
854,1997-05-08,1,SINGLE,N,0,10200100109,0.1861,0.1687,0.0314,2161151,1
855,1974-07-23,0,SINGLE,N,0,10200100104,0.1861,0.1687,0.0314,3421207,4
856,2001-01-06,0,SINGLE,N,0,10200100109,0.1861,0.1687,0.0314,3315195,1
857,1966-04-04,0,SINGLE,N,0,10200100104,0.1861,0.1687,0.0314,1726051,4
858,1966-06-15,0,SINGLE,N,0,10200100051,0.1786,0.2962,0.0038,1922870,3
859,2004-07-03,0,SINGLE,Y,0,10200100084,0.0412,0.0658,0.0491,4721283,0
860,1979-03-17,1,SINGLE,Y,0,10200100104,0.0412,0.0658,0.0491,5481676,4
861,2006-05-25,1,SINGLE,Y,0,10200100051,-0.0993,0.0984,0.043,1327500,3
862,1996-02-15,1,MARRIED,N,0,10200100084,0.1087,0.0667,0.0361,1473796,0
863,1966-07-26,0,MARRIED,Y,0,10200100092,-0.0143,0.2742,0.0429,2872931,2
864,2001-06-30,0,MARRIED,Y,0,10200100104,-0.0143,0.2742,0.0429,4471887,4
865,1967-01-23,0,MARRIED,Y,0,10200100104,-0.0143,0.2742,0.0429,2667783,4
866,1979-09-03,0,MARRIED,Y,0,10200100084,-0.0143,0.2742,0.0429,4677983,0
867,1966-12-04,0,MARRIED,Y,0,10200100104,-0.0308,0.0892,0.0418,1181283,4
868,1972-10-25,1,MARRIED,Y,0,10200100109,0.1882,0.2859,0.0199,4655243,1
869,1992-06-03,0,MARRIED,Y,0,10200100084,0.1882,0.2859,0.0199,5385552,0
870,2005-02-08,0,MARRIED,Y,0,10200100109,0.1882,0.2859,0.0199,4569729,1
871,1999-04-12,0,MARRIED,Y,0,10200100084,0.1882,0.2859,0.0199,3681535,0
872,1981-12-02,0,SINGLE,N,0,10200100084,0.0289,0.287,0.031,5105105,0
873,1994-07-07,1,SINGLE,N,0,10200100109,0.0289,0.287,0.031,1435648,1
874,1973-04-19,1,SINGLE,N,0,10200100104,0.1014,0.2201,0.038,4950997,4
875,2002-05-05,0,SINGLE,N,0,10200100109,0.1014,0.2201,0.038,5068872,1
876,1974-10-09,0,SINGLE,N,0,10200100092,0.1014,0.2201,0.038,1763452,2
877,1971-08-15,0,MARRIED,N,0,10200100104,0.0767,0.0673,0.0392,1081272,4
878,1989-02-05,1,MARRIED,N,0,10200100084,0.0767,0.0673,0.0392,4082920,0
879,1968-08-21,1,MARRIED,N,0,10200100051,0.0767,0.0673,0.0392,4178358,3
880,2001-09-29,1,MARRIED,N,0,10200100109,0.0693,0.1435,0.0307,3525578,1
881,2006-09-06,1,MARRIED,N,0,10200100092,0.0693,0.1435,0.0307,4445665,2
882,1999-09-24,1,SINGLE,N,0,10200100104,-0.0223,0.2795,0.0122,4624624,4
883,2002-05-26,0,SINGLE,N,0,10200100104,-0.0223,0.2795,0.0122,2687755,4
884,1969-10-26,0,SINGLE,N,0,10200100109,-0.0223,0.2795,0.0122,2430008,1
885,1976-08-03,0,MARRIED,N,0,10200100084,0.0089,0.1964,0.0404,1398048,0
886,1974-12-13,0,MARRIED,N,0,10200100109,0.0089,0.1964,0.0404,3772364,1
887,1997-11-08,0,MARRIED,N,0,10200100109,0.0089,0.1964,0.0404,3567767,1
888,1986-07-15,0,MARRIED,N,0,10200100084,0.0089,0.1964,0.0404,1965867,0
889,1994-11-22,0,MARRIED,Y,0,10200100084,-0.0032,0.257,0.0437,5202817,0
890,1990-03-09,1,MARRIED,Y,0,10200100109,-0.0032,0.257,0.0437,2458428,1
891,2003-03-10,1,MARRIED,Y,0,10200100051,-0.0032,0.257,0.0437,2906574,3
892,1989-01-24,1,SINGLE,N,0,10200100084,0.02,0.1529,0.026,3249133,0
893,2002-08-29,0,SINGLE,N,0,10200100104,0.02,0.1529,0.026,1047361,4
894,2000-04-24,0,SINGLE,N,0,10200100051,0.02,0.1529,0.026,3886995,3
895,1979-12-26,0,SINGLE,N,0,10200100051,0.02,0.1529,0.026,2530025,3
896,1984-04-15,0,SINGLE,N,0,10200100084,0.0345,0.2953,0.0139,1919822,0
897,1987-07-25,1,SINGLE,N,0,10200100092,0.0345,0.2953,0.0139,2694129,2
898,1965-10-11,1,SINGLE,N,0,10200100104,0.0345,0.2953,0.0139,2929429,4
899,1996-07-18,1,SINGLE,N,0,10200100084,0.117,0.1766,0.0253,3595975,0
900,1972-01-08,1,SINGLE,N,0,10200100109,0.117,0.1766,0.0253,5119049,1
901,1974-09-25,1,SINGLE,N,0,10200100051,0.117,0.1766,0.0253,2024563,3
902,1976-09-04,1,SINGLE,N,0,10200100084,0.1523,0.1337,0.0252,1462359,0
903,1968-10-23,1,SINGLE,Y,0,10200100051,0.0431,0.0731,0.005,5178646,3
904,1992-12-10,1,SINGLE,Y,0,10200100084,0.0431,0.0731,0.005,1924583,0
905,1977-06-23,1,MARRIED,N,0,10200100092,0.0307,0.1927,0.0034,1951549,2
906,1969-08-21,0,MARRIED,N,0,10200100109,0.0307,0.1927,0.0034,1535937,1
907,1986-10-11,0,MARRIED,N,0,10200100051,0.0307,0.1927,0.0034,1669032,3
908,1998-10-15,0,MARRIED,N,0,10200100104,0.0122,0.2195,0.0491,4555599,4
909,1973-09-27,0,MARRIED,N,0,10200100104,0.0122,0.2195,0.0491,2976626,4
910,1980-12-15,0,MARRIED,N,0,10200100084,0.0122,0.2195,0.0491,3714433,0
911,1972-04-30,0,MARRIED,N,0,10200100109,0.0122,0.2195,0.0491,2679850,1
912,1978-12-22,0,SINGLE,N,0,10200100084,-0.0249,0.1422,0.04,2207411,0
913,2005-06-16,0,SINGLE,N,0,10200100051,-0.0249,0.1422,0.04,3270244,3
914,1966-10-30,0,SINGLE,N,0,10200100104,-0.0249,0.1422,0.04,3663168,4
915,1983-12-12,0,MARRIED,Y,0,10200100092,0.1139,0.0831,0.044,1450392,2
916,2006-12-15,1,MARRIED,Y,0,10200100084,0.1139,0.0831,0.044,3191644,0
917,1980-09-23,1,MARRIED,Y,0,10200100109,0.1139,0.0831,0.044,2000897,1
918,2003-11-29,1,MARRIED,N,0,10200100092,0.0171,0.1618,0.0116,1862578,2
919,2001-05-03,1,MARRIED,N,0,10200100109,0.0171,0.1618,0.0116,2383083,1
920,1970-01-31,1,SINGLE,N,0,10200100084,0.0724,0.2112,0.0086,2064678,0
921,1984-08-04,1,SINGLE,N,0,10200100092,0.0724,0.2112,0.0086,4332787,2
922,1967-05-15,1,SINGLE,N,0,10200100104,0.0724,0.2112,0.0086,4567981,4
923,1996-01-28,1,SINGLE,N,0,10200100084,0.0724,0.2112,0.0086,1404242,0
924,1999-09-27,1,MARRIED,N,0,10200100104,0.0412,0.1548,0.0436,1679990,4
925,1975-01-30,0,MARRIED,N,0,10200100051,0.0752,0.1268,0.0118,1377962,3
926,1978-07-06,0,MARRIED,N,0,10200100051,0.0752,0.1268,0.0118,3704292,3
927,1967-07-03,0,MARRIED,N,0,10200100104,0.0752,0.1268,0.0118,4195324,4
928,1991-03-16,0,SINGLE,Y,0,10200100051,0.1591,0.1239,0.0264,1052969,3
929,1966-10-16,1,SINGLE,Y,0,10200100084,0.1591,0.1239,0.0264,2291947,0
930,1975-05-11,1,SINGLE,Y,0,10200100104,0.1591,0.1239,0.0264,4046339,4
931,1996-05-21,1,MARRIED,Y,0,10200100104,-0.0296,0.2538,0.0389,4203509,4
932,1992-11-11,0,MARRIED,Y,0,10200100109,-0.0296,0.2538,0.0389,2913301,1
933,1987-12-10,0,MARRIED,Y,0,10200100092,-0.0296,0.2538,0.0389,4425918,2
934,1989-09-21,0,MARRIED,Y,0,10200100084,0.0401,0.0824,0.0312,4388618,0
935,1979-02-11,1,MARRIED,N,0,10200100084,-0.0484,0.0968,0.0058,4056842,0
936,1986-02-17,0,MARRIED,N,0,10200100104,-0.0484,0.0968,0.0058,4088947,4
937,1982-02-01,0,MARRIED,N,0,10200100109,-0.0484,0.0968,0.0058,5440495,1
938,2006-02-02,0,MARRIED,N,0,10200100092,-0.0484,0.0968,0.0058,3011661,2
939,1994-02-14,0,SINGLE,N,0,10200100109,0.1736,0.2584,0.0339,3522352,1
940,1992-08-28,0,SINGLE,N,0,10200100051,0.1736,0.2584,0.0339,3297330,3
941,1986-08-04,0,SINGLE,N,0,10200100051,0.1736,0.2584,0.0339,1054339,3
942,1981-06-29,0,MARRIED,N,0,10200100051,0.0156,0.0905,0.0404,1137330,3
943,1977-04-26,0,MARRIED,N,0,10200100084,0.0156,0.0905,0.0404,1095170,0
944,1998-09-06,0,MARRIED,N,0,10200100084,0.0156,0.0905,0.0404,5021493,0
945,1984-04-10,0,MARRIED,N,0,10200100051,0.0156,0.0905,0.0404,3337650,3
946,2004-01-13,0,SINGLE,Y,0,10200100104,-0.0957,0.2628,0.0175,2189639,4
947,1971-04-08,1,MARRIED,N,0,10200100104,0.1065,0.2368,0.0121,1986119,4
948,1966-07-17,1,MARRIED,N,0,10200100084,0.1065,0.2368,0.0121,5154671,0
949,1985-02-12,1,MARRIED,N,0,10200100092,0.1065,0.2368,0.0121,4276388,2
950,1976-11-12,1,MARRIED,N,0,10200100092,-0.0255,0.1681,0.0475,3697237,2
951,1993-12-19,0,SINGLE,Y,0,10200100104,0.1648,0.0614,0.0174,4558355,4
952,1986-04-08,1,SINGLE,Y,0,10200100084,0.1648,0.0614,0.0174,2204210,0
953,1990-04-07,1,SINGLE,N,0,10200100084,0.1393,0.1512,0.0452,2896102,0
954,1981-03-22,0,SINGLE,N,0,10200100104,0.1393,0.1512,0.0452,2275156,4
955,1968-09-25,0,MARRIED,N,0,10200100109,0.0335,0.2433,0.0243,3917918,1
956,1970-04-27,1,MARRIED,N,0,10200100109,0.1693,0.2936,0.0105,2989040,1
957,1994-05-29,1,MARRIED,N,0,10200100109,0.1693,0.2936,0.0105,1982159,1
958,1986-05-05,1,MARRIED,N,0,10200100104,0.1693,0.2936,0.0105,4315490,4
959,1977-01-17,1,MARRIED,N,0,10200100051,0.1693,0.2936,0.0105,5213973,3
960,1973-06-29,1,SINGLE,N,0,10200100092,0.0266,0.1314,0.0154,4158601,2
961,1992-01-29,1,SINGLE,N,0,10200100104,0.0266,0.1314,0.0154,3993979,4
962,1969-07-08,1,SINGLE,Y,0,10200100109,0.091,0.1039,0.0387,5218926,1
963,2002-09-14,0,SINGLE,N,0,10200100051,-0.0996,0.2095,0.0497,1518925,3
964,1973-05-13,1,SINGLE,N,0,10200100084,-0.0996,0.2095,0.0497,3202573,0
965,1984-07-28,1,SINGLE,N,0,10200100084,-0.0996,0.2095,0.0497,2970736,0
966,1969-01-09,1,SINGLE,Y,0,10200100109,0.1946,0.2519,0.0497,2863627,1
967,1972-10-03,1,SINGLE,Y,0,10200100109,0.1946,0.2519,0.0497,1023583,1
968,2005-04-28,1,SINGLE,Y,0,10200100104,0.1946,0.2519,0.0497,1987228,4
