CUST_NUM,AGE,GENDER,MARITAL,HAVE_CHILD,EDU_LEVEL,CODE,3YEAR_RETURN,STD_DEV,DIVIDEND,ASSET_CLASS,product_index,asset_index,age_index,gender_index,marital_status_index,have_child_index,education_index,user_index
1,1966,0,MARRIED,N,0,10200100084,0.1777,0.1279,0.0021,3499961,0,3.0,1,0,0,0,0,0
2,1987,1,MARRIED,N,0,10200100109,0.1777,0.1279,0.0021,1082060,1,1.0,2,1,0,0,0,1
3,1964,1,MARRIED,Y,0,10200100092,0.0908,0.2532,0.0001,2684496,2,2.0,1,1,0,1,0,2
4,1999,1,MARRIED,N,0,10200100051,-0.0021,0.0864,0.036000000000000004,1153932,3,1.0,3,1,0,0,0,3
5,1976,1,SINGLE,Y,0,10200100051,-0.0716,0.2688,0.0249,1826266,3,1.0,2,1,1,1,0,4
6,2002,0,SINGLE,Y,0,10200100104,-0.0716,0.2688,0.0249,1895770,4,1.0,3,0,1,1,0,5
7,1998,0,SINGLE,Y,0,10200100104,-0.0716,0.2688,0.0249,2833426,4,2.0,3,0,1,1,0,6
8,1986,0,SINGLE,N,0,10200100104,0.1844,0.0897,0.0234,1264578,4,1.0,2,0,1,0,0,7
9,1970,0,SINGLE,N,0,10200100084,0.1844,0.0897,0.0234,2471627,0,2.0,1,0,1,0,0,8
10,1967,0,SINGLE,N,0,10200100092,0.1844,0.0897,0.0234,4303544,2,4.0,1,0,1,0,0,9
11,1991,0,SINGLE,Y,0,10200100104,-0.0417,0.1542,0.0071,2758600,4,2.0,3,0,1,1,0,10
12,1982,1,SINGLE,Y,0,10200100104,-0.0417,0.1542,0.0071,2813214,4,2.0,2,1,1,1,0,11
13,1996,1,SINGLE,Y,0,10200100051,0.1159,0.2569,0.0382,3678156,3,3.0,3,1,1,1,0,12
14,1988,1,SINGLE,Y,0,10200100084,0.1159,0.2569,0.0382,2193739,0,2.0,2,1,1,1,0,13
15,2004,1,SINGLE,Y,0,10200100092,0.1159,0.2569,0.0382,1572934,2,1.0,3,1,1,1,0,14
16,1999,1,SINGLE,Y,0,10200100084,0.1159,0.2569,0.0382,4636541,0,4.0,3,1,1,1,0,15
17,1991,1,MARRIED,Y,0,10200100084,0.0964,0.2235,0.0003,2165543,0,2.0,3,1,0,1,0,16
18,1974,1,MARRIED,Y,0,10200100051,0.0964,0.2235,0.0003,1736467,3,1.0,2,1,0,1,0,17
19,1987,1,MARRIED,Y,0,10200100109,0.0964,0.2235,0.0003,5356222,1,,2,1,0,1,0,18
20,1992,1,MARRIED,Y,0,10200100109,0.0964,0.2235,0.0003,4651860,1,4.0,3,1,0,1,0,19
21,1989,1,MARRIED,N,0,10200100092,-0.0084,0.2185,0.0359,5162184,2,,2,1,0,0,0,20
22,1984,0,MARRIED,N,0,10200100104,-0.0084,0.2185,0.0359,3765467,4,3.0,2,0,0,0,0,21
23,1980,0,MARRIED,N,0,10200100084,-0.0084,0.2185,0.0359,2882895,0,2.0,2,0,0,0,0,22
24,1984,0,MARRIED,N,0,10200100109,-0.0084,0.2185,0.0359,3527578,1,3.0,2,0,0,0,0,23
25,1971,0,SINGLE,Y,0,10200100092,0.1749,0.2551,0.0265,3850421,2,3.0,2,0,1,1,0,24
26,1987,1,SINGLE,N,0,10200100104,-0.08,0.2883,0.0488,1485740,4,1.0,2,1,1,0,0,25
27,1995,1,SINGLE,N,0,10200100092,-0.08,0.2883,0.0488,3151161,2,3.0,3,1,1,0,0,26
28,1988,1,SINGLE,N,0,10200100092,-0.08,0.2883,0.0488,5229592,2,,2,1,1,0,0,27
29,1969,1,SINGLE,Y,0,10200100084,0.0168,0.2381,0.034,1422916,0,1.0,1,1,1,1,0,28
30,1971,0,SINGLE,Y,0,10200100109,0.0168,0.2381,0.034,2487443,1,2.0,2,0,1,1,0,29
31,1989,0,SINGLE,Y,0,10200100104,0.0168,0.2381,0.034,1008779,4,1.0,2,0,1,1,0,30
32,1965,0,SINGLE,Y,0,10200100084,0.0168,0.2381,0.034,2397649,0,2.0,1,0,1,1,0,31
33,1999,0,SINGLE,Y,0,10200100109,-0.0543,0.1898,0.0001,5465485,1,,3,0,1,1,0,32
34,1993,0,SINGLE,Y,0,10200100084,0.0281,0.0919,0.032,1772414,0,1.0,3,0,1,1,0,33
35,1991,0,SINGLE,Y,0,10200100092,-0.0802,0.1664,0.0349,2714811,2,2.0,3,0,1,1,0,34
36,1995,1,SINGLE,Y,0,10200100092,-0.0802,0.1664,0.0349,3561460,2,3.0,3,1,1,1,0,35
37,1964,1,SINGLE,Y,0,10200100104,-0.0802,0.1664,0.0349,4795699,4,4.0,1,1,1,1,0,36
38,1967,1,MARRIED,Y,0,10200100051,0.0068,0.2159,0.034,2378330,3,2.0,1,1,0,1,0,37
39,1971,0,SINGLE,N,0,10200100092,0.0254,0.1714,0.0251,2156636,2,2.0,2,0,1,0,0,38
40,1997,1,SINGLE,N,0,10200100092,0.0254,0.1714,0.0251,5413341,2,,3,1,1,0,0,39
41,1985,1,SINGLE,Y,0,10200100104,0.0041,0.1984,0.0384,1118265,4,1.0,2,1,1,1,0,40
42,1966,1,MARRIED,N,0,10200100092,0.1483,0.2935,0.0308,4890981,2,4.0,1,1,0,0,0,41
43,1965,0,MARRIED,N,0,10200100109,0.1483,0.2935,0.0308,5438309,1,,1,0,0,0,0,42
44,1971,0,MARRIED,Y,0,10200100109,-0.0944,0.1388,0.0221,1750500,1,1.0,2,0,0,1,0,43
45,1990,1,MARRIED,Y,0,10200100051,0.10300000000000001,0.2794,0.0273,4442319,3,4.0,2,1,0,1,0,44
46,2006,0,MARRIED,N,0,10200100051,0.0428,0.1986,0.006,2048318,3,2.0,3,0,0,0,0,45
47,2003,1,MARRIED,N,0,10200100104,0.0428,0.1986,0.006,4782148,4,4.0,3,1,0,0,0,46
48,1971,1,SINGLE,Y,0,10200100109,0.163,0.1377,0.0242,2089594,1,2.0,2,1,1,1,0,47
49,1968,1,SINGLE,Y,0,10200100104,0.163,0.1377,0.0242,2609086,4,2.0,1,1,1,1,0,48
50,1984,1,MARRIED,N,0,10200100051,0.1274,0.2898,0.0256,1762699,3,1.0,2,1,0,0,0,49
51,1984,0,MARRIED,N,0,10200100109,0.1274,0.2898,0.0256,3696551,1,3.0,2,0,0,0,0,50
52,2003,0,MARRIED,N,0,10200100104,0.1274,0.2898,0.0256,1756460,4,1.0,3,0,0,0,0,51
53,1996,0,MARRIED,N,0,10200100092,0.1274,0.2898,0.0256,2412764,2,2.0,3,0,0,0,0,52
54,2000,0,SINGLE,N,0,10200100051,0.1454,0.1455,0.022000000000000002,3953578,3,3.0,3,0,1,0,0,53
55,1989,1,SINGLE,N,0,10200100051,0.1454,0.1455,0.022000000000000002,2957501,3,2.0,2,1,1,0,0,54
56,1969,1,SINGLE,N,0,10200100084,0.1454,0.1455,0.022000000000000002,2824754,0,2.0,1,1,1,0,0,55
57,1983,1,SINGLE,N,0,10200100084,0.1454,0.1455,0.022000000000000002,1802161,0,1.0,2,1,1,0,0,56
58,1981,1,SINGLE,N,0,10200100051,0.0281,0.1637,0.027000000000000003,4394177,3,4.0,2,1,1,0,0,57
59,1987,0,SINGLE,N,0,10200100104,0.0281,0.1637,0.027000000000000003,1740132,4,1.0,2,0,1,0,0,58
60,1975,0,MARRIED,N,0,10200100084,0.1567,0.2764,0.0409,4044569,0,4.0,2,0,0,0,0,59
61,1988,1,MARRIED,N,0,10200100092,0.0595,0.0643,0.023,4088112,2,4.0,2,1,0,0,0,60
62,1974,1,MARRIED,N,0,10200100109,0.0595,0.0643,0.023,2454153,1,2.0,2,1,0,0,0,61
63,1990,1,MARRIED,N,0,10200100051,0.0595,0.0643,0.023,4564824,3,4.0,2,1,0,0,0,62
64,1995,1,MARRIED,N,0,10200100084,0.0595,0.0643,0.023,4566210,0,4.0,3,1,0,0,0,63
65,1981,1,MARRIED,N,0,10200100084,0.1087,0.2747,0.0122,3836043,0,3.0,2,1,0,0,0,64
66,1995,1,MARRIED,N,0,10200100109,0.1087,0.2747,0.0122,3791407,1,3.0,3,1,0,0,0,65
67,1995,1,MARRIED,N,0,10200100051,0.1087,0.2747,0.0122,3346576,3,3.0,3,1,0,0,0,66
68,1971,1,MARRIED,N,0,10200100109,-0.0309,0.1778,0.0129,3761724,1,3.0,2,1,0,0,0,67
69,2003,0,MARRIED,N,0,10200100109,-0.0309,0.1778,0.0129,4669715,1,4.0,3,0,0,0,0,68
70,1966,0,MARRIED,N,0,10200100109,-0.0309,0.1778,0.0129,4177696,1,4.0,1,0,0,0,0,69
71,1990,0,MARRIED,N,0,10200100051,-0.0309,0.1778,0.0129,2065514,3,2.0,2,0,0,0,0,70
72,1994,0,SINGLE,N,0,10200100051,-0.0648,0.196,0.0367,3485696,3,3.0,3,0,1,0,0,71
73,1995,1,MARRIED,N,0,10200100051,0.0234,0.1824,0.0413,4839863,3,4.0,3,1,0,0,0,72
74,1991,1,MARRIED,N,0,10200100104,0.0234,0.1824,0.0413,2575327,4,2.0,3,1,0,0,0,73
75,1977,1,SINGLE,Y,0,10200100092,0.1989,0.099,0.0043,3803397,2,3.0,2,1,1,1,0,74
76,1975,1,SINGLE,Y,0,10200100104,0.1989,0.099,0.0043,2901393,4,2.0,2,1,1,1,0,75
77,1965,1,SINGLE,Y,0,10200100104,0.1989,0.099,0.0043,1815269,4,1.0,1,1,1,1,0,76
78,1975,1,SINGLE,Y,0,10200100084,0.1989,0.099,0.0043,3154691,0,3.0,2,1,1,1,0,77
79,1982,1,MARRIED,N,0,10200100051,0.1662,0.0754,0.0335,5228877,3,,2,1,0,0,0,78
80,1999,1,MARRIED,N,0,10200100104,0.1662,0.0754,0.0335,5134418,4,,3,1,0,0,0,79
81,2002,1,MARRIED,Y,0,10200100092,0.0006,0.2791,0.0314,2150071,2,2.0,3,1,0,1,0,80
82,1978,0,MARRIED,Y,0,10200100051,0.0006,0.2791,0.0314,5270746,3,,2,0,0,1,0,81
83,1999,0,MARRIED,N,0,10200100092,0.0013,0.1863,0.0375,4825599,2,4.0,3,0,0,0,0,82
84,1970,0,MARRIED,N,0,10200100109,0.0013,0.1863,0.0375,1363908,1,1.0,1,0,0,0,0,83
85,1991,0,MARRIED,Y,0,10200100104,0.1529,0.243,0.0289,5450587,4,,3,0,0,1,0,84
86,1999,1,MARRIED,Y,0,10200100084,0.1529,0.243,0.0289,1543857,0,1.0,3,1,0,1,0,85
87,2002,1,MARRIED,Y,0,10200100092,0.1529,0.243,0.0289,5204780,2,,3,1,0,1,0,86
88,1969,1,MARRIED,Y,0,10200100109,0.1529,0.243,0.0289,2974807,1,2.0,1,1,0,1,0,87
89,1970,1,MARRIED,N,0,10200100092,0.1682,0.1758,0.0104,2915399,2,2.0,1,1,0,0,0,88
90,1990,1,MARRIED,N,0,10200100109,0.1682,0.1758,0.0104,5155707,1,,2,1,0,0,0,89
91,1995,1,MARRIED,Y,0,10200100109,-0.0118,0.1101,0.0311,3278278,1,3.0,3,1,0,1,0,90
92,1965,1,MARRIED,Y,0,10200100084,-0.0118,0.1101,0.0311,2801361,0,2.0,1,1,0,1,0,91
93,1982,1,MARRIED,Y,0,10200100051,-0.0118,0.1101,0.0311,1367189,3,1.0,2,1,0,1,0,92
94,1973,1,MARRIED,Y,0,10200100109,-0.0118,0.1101,0.0311,2132120,1,2.0,2,1,0,1,0,93
95,1986,1,SINGLE,N,0,10200100051,0.1045,0.0885,0.003,2714629,3,2.0,2,1,1,0,0,94
96,1997,1,MARRIED,N,0,10200100051,0.0006,0.0705,0.0315,3869438,3,3.0,3,1,0,0,0,95
97,1993,0,MARRIED,N,0,10200100109,0.0006,0.0705,0.0315,4620607,1,4.0,3,0,0,0,0,96
98,1965,0,MARRIED,N,0,10200100104,0.0006,0.0705,0.0315,4038187,4,4.0,1,0,0,0,0,97
99,1985,0,MARRIED,N,0,10200100051,0.0006,0.0705,0.0315,4352556,3,4.0,2,0,0,0,0,98
100,1972,0,SINGLE,Y,0,10200100084,-0.0452,0.1488,0.042,4396586,0,4.0,2,0,1,1,0,99
101,1998,0,SINGLE,Y,0,10200100092,-0.0452,0.1488,0.042,2751135,2,2.0,3,0,1,1,0,100
102,1986,0,MARRIED,N,0,10200100051,0.1906,0.0529,0.0167,4237033,3,4.0,2,0,0,0,0,101
103,1985,0,MARRIED,N,0,10200100084,0.1906,0.0529,0.0167,5424049,0,,2,0,0,0,0,102
104,2000,0,MARRIED,N,0,10200100084,0.1906,0.0529,0.0167,1060429,0,1.0,3,0,0,0,0,103
105,1987,0,MARRIED,N,0,10200100092,0.1906,0.0529,0.0167,3790756,2,3.0,2,0,0,0,0,104
106,1984,0,SINGLE,Y,0,10200100084,0.0908,0.2115,0.0219,3984949,0,3.0,2,0,1,1,0,105
107,1965,1,SINGLE,Y,0,10200100104,0.0908,0.2115,0.0219,3229556,4,3.0,1,1,1,1,0,106
108,1972,1,SINGLE,Y,0,10200100051,0.0908,0.2115,0.0219,1392818,3,1.0,2,1,1,1,0,107
109,1965,1,SINGLE,Y,0,10200100092,0.1365,0.1346,0.0007,4391252,2,4.0,1,1,1,1,0,108
110,1978,1,SINGLE,Y,0,10200100092,0.1365,0.1346,0.0007,2320541,2,2.0,2,1,1,1,0,109
111,2006,1,SINGLE,Y,0,10200100051,0.1365,0.1346,0.0007,4416421,3,4.0,3,1,1,1,0,110
112,1980,1,SINGLE,Y,0,10200100109,0.0951,0.2591,0.037000000000000005,4775359,1,4.0,2,1,1,1,0,111
113,1970,0,SINGLE,Y,0,10200100084,0.0951,0.2591,0.037000000000000005,1761464,0,1.0,1,0,1,1,0,112
114,1987,0,SINGLE,Y,0,10200100104,0.0884,0.145,0.0261,1971773,4,1.0,2,0,1,1,0,113
115,1995,1,SINGLE,Y,0,10200100051,0.0884,0.145,0.0261,4130000,3,4.0,3,1,1,1,0,114
116,1993,1,SINGLE,Y,0,10200100109,0.0884,0.145,0.0261,2942871,1,2.0,3,1,1,1,0,115
117,1992,1,SINGLE,Y,0,10200100084,0.0884,0.145,0.0261,3667920,0,3.0,3,1,1,1,0,116
118,1974,1,MARRIED,N,0,10200100051,-0.04,0.2073,0.0158,3720498,3,3.0,2,1,0,0,0,117
119,1965,0,SINGLE,N,0,10200100104,0.0604,0.1399,0.0156,3342225,4,3.0,1,0,1,0,0,118
120,1994,1,SINGLE,N,0,10200100092,0.0604,0.1399,0.0156,1089758,2,1.0,3,1,1,0,0,119
121,1980,1,SINGLE,N,0,10200100092,0.0604,0.1399,0.0156,3029692,2,3.0,2,1,1,0,0,120
122,1986,1,SINGLE,N,0,10200100104,-0.0629,0.2503,0.02,2578079,4,2.0,2,1,1,0,0,121
123,1975,0,SINGLE,N,0,10200100104,-0.0629,0.2503,0.02,2213663,4,2.0,2,0,1,0,0,122
124,1991,0,SINGLE,N,0,10200100084,-0.0629,0.2503,0.02,4243977,0,4.0,3,0,1,0,0,123
125,1991,0,SINGLE,Y,0,10200100051,-0.0362,0.22399999999999998,0.0389,4350740,3,4.0,3,0,1,1,0,124
126,1991,0,MARRIED,Y,0,10200100084,0.0416,0.1095,0.0434,2673170,0,2.0,3,0,0,1,0,125
127,1966,0,MARRIED,Y,0,10200100084,0.0416,0.1095,0.0434,5347959,0,,1,0,0,1,0,126
128,2001,0,MARRIED,Y,0,10200100051,0.0416,0.1095,0.0434,3606484,3,3.0,3,0,0,1,0,127
129,1978,0,MARRIED,Y,0,10200100084,0.0416,0.1095,0.0434,5279521,0,,2,0,0,1,0,128
130,1965,0,SINGLE,Y,0,10200100104,0.1517,0.2256,0.0135,1030410,4,1.0,1,0,1,1,0,129
131,1987,0,SINGLE,Y,0,10200100051,0.1517,0.2256,0.0135,2572741,3,2.0,2,0,1,1,0,130
132,1996,0,SINGLE,Y,0,10200100051,0.1517,0.2256,0.0135,3501736,3,3.0,3,0,1,1,0,131
133,1975,0,SINGLE,N,0,10200100051,0.1173,0.0929,0.0384,2688457,3,2.0,2,0,1,0,0,132
134,1973,0,SINGLE,N,0,10200100084,0.1173,0.0929,0.0384,2959519,0,2.0,2,0,1,0,0,133
135,1991,0,SINGLE,N,0,10200100051,0.1173,0.0929,0.0384,5452196,3,,3,0,1,0,0,134
136,1979,0,SINGLE,N,0,10200100051,0.1173,0.0929,0.0384,2261312,3,2.0,2,0,1,0,0,135
137,1995,0,SINGLE,Y,0,10200100104,-0.042,0.1053,0.0326,1362296,4,1.0,3,0,1,1,0,136
138,1983,0,SINGLE,Y,0,10200100092,-0.042,0.1053,0.0326,1320042,2,1.0,2,0,1,1,0,137
139,1981,0,SINGLE,Y,0,10200100104,-0.042,0.1053,0.0326,2544729,4,2.0,2,0,1,1,0,138
140,1978,0,MARRIED,Y,0,10200100051,-0.0513,0.1652,0.0001,5231150,3,,2,0,0,1,0,139
141,1982,1,MARRIED,Y,0,10200100092,-0.0513,0.1652,0.0001,3626647,2,3.0,2,1,0,1,0,140
142,1965,1,MARRIED,Y,0,10200100084,-0.0513,0.1652,0.0001,4919416,0,4.0,1,1,0,1,0,141
143,2004,1,SINGLE,N,0,10200100109,-0.0911,0.1649,0.0157,2636065,1,2.0,3,1,1,0,0,142
144,1983,0,SINGLE,N,0,10200100092,-0.0911,0.1649,0.0157,4907717,2,4.0,2,0,1,0,0,143
145,1989,0,SINGLE,N,0,10200100092,-0.0911,0.1649,0.0157,2588311,2,2.0,2,0,1,0,0,144
146,1995,0,SINGLE,N,0,10200100092,0.1097,0.185,0.001,1945351,2,1.0,3,0,1,0,0,145
147,1980,1,MARRIED,N,0,10200100104,-0.0054,0.1669,0.0347,1557216,4,1.0,2,1,0,0,0,146
148,2005,1,MARRIED,Y,0,10200100084,0.1368,0.0894,0.013999999999999999,3844802,0,3.0,3,1,0,1,0,147
149,1976,0,MARRIED,Y,0,10200100084,0.1368,0.0894,0.013999999999999999,4037789,0,4.0,2,0,0,1,0,148
150,1994,0,SINGLE,Y,0,10200100092,0.0729,0.2548,0.0361,4723116,2,4.0,3,0,1,1,0,149
151,2003,1,SINGLE,Y,0,10200100092,0.0729,0.2548,0.0361,1629527,2,1.0,3,1,1,1,0,150
152,1970,1,SINGLE,Y,0,10200100051,0.0729,0.2548,0.0361,2854564,3,2.0,1,1,1,1,0,151
153,1984,1,SINGLE,Y,0,10200100084,0.0729,0.2548,0.0361,2892792,0,2.0,2,1,1,1,0,152
154,1971,1,SINGLE,Y,0,10200100092,0.1818,0.1198,0.0361,1296753,2,1.0,2,1,1,1,0,153
155,1981,1,SINGLE,Y,0,10200100051,0.1818,0.1198,0.0361,2884792,3,2.0,2,1,1,1,0,154
156,1982,1,SINGLE,Y,0,10200100109,0.1818,0.1198,0.0361,5397950,1,,2,1,1,1,0,155
157,1991,1,SINGLE,Y,0,10200100109,0.1818,0.1198,0.0361,4615005,1,4.0,3,1,1,1,0,156
158,2006,1,MARRIED,Y,0,10200100092,-0.0196,0.07,0.0491,1910699,2,1.0,3,1,0,1,0,157
159,1976,0,MARRIED,Y,0,10200100051,-0.0196,0.07,0.0491,3390191,3,3.0,2,0,0,1,0,158
160,1996,0,MARRIED,Y,0,10200100092,-0.0196,0.07,0.0491,4135991,2,4.0,3,0,0,1,0,159
161,1993,0,MARRIED,Y,0,10200100109,-0.0196,0.07,0.0491,1517904,1,1.0,3,0,0,1,0,160
162,1995,0,MARRIED,Y,0,10200100109,0.0511,0.2175,0.0186,5112142,1,,3,0,0,1,0,161
163,1973,0,MARRIED,Y,0,10200100051,0.0511,0.2175,0.0186,4732811,3,4.0,2,0,0,1,0,162
164,1993,0,MARRIED,Y,0,10200100051,0.1825,0.2455,0.0197,4577230,3,4.0,3,0,0,1,0,163
165,1975,1,SINGLE,N,0,10200100104,0.0746,0.2806,0.0127,2213670,4,2.0,2,1,1,0,0,164
166,2004,0,SINGLE,N,0,10200100084,0.0746,0.2806,0.0127,2842338,0,2.0,3,0,1,0,0,165
167,2002,0,MARRIED,N,0,10200100109,0.1323,0.052000000000000005,0.0123,1859965,1,1.0,3,0,0,0,0,166
168,1980,0,MARRIED,N,0,10200100092,0.1323,0.052000000000000005,0.0123,1728360,2,1.0,2,0,0,0,0,167
169,1984,0,MARRIED,N,0,10200100104,0.0179,0.0771,0.0022,1214103,4,1.0,2,0,0,0,0,168
170,2002,0,MARRIED,N,0,10200100109,0.0179,0.0771,0.0022,3611888,1,3.0,3,0,0,0,0,169
171,2005,0,MARRIED,N,0,10200100109,0.0179,0.0771,0.0022,1985845,1,1.0,3,0,0,0,0,170
172,1982,0,MARRIED,N,0,10200100084,0.0179,0.0771,0.0022,1367892,0,1.0,2,0,0,0,0,171
173,2001,0,MARRIED,N,0,10200100109,0.1774,0.0977,0.0246,1436488,1,1.0,3,0,0,0,0,172
174,1967,0,MARRIED,N,0,10200100104,0.1774,0.0977,0.0246,2832024,4,2.0,1,0,0,0,0,173
175,1981,0,MARRIED,N,0,10200100104,-0.0947,0.1262,0.0414,3254141,4,3.0,2,0,0,0,0,174
176,1988,1,MARRIED,N,0,10200100109,-0.0947,0.1262,0.0414,5121470,1,,2,1,0,0,0,175
177,1978,1,SINGLE,Y,0,10200100092,0.0504,0.2528,0.0325,4756203,2,4.0,2,1,1,1,0,176
178,1973,0,SINGLE,Y,0,10200100084,0.0504,0.2528,0.0325,1144702,0,1.0,2,0,1,1,0,177
179,1967,0,SINGLE,Y,0,10200100092,0.0504,0.2528,0.0325,1835113,2,1.0,1,0,1,1,0,178
180,2000,0,MARRIED,Y,0,10200100109,0.0517,0.278,0.0136,2795422,1,2.0,3,0,0,1,0,179
181,1986,1,MARRIED,Y,0,10200100051,0.0517,0.278,0.0136,4748232,3,4.0,2,1,0,1,0,180
182,1997,1,MARRIED,Y,0,10200100109,0.0517,0.278,0.0136,5028435,1,,3,1,0,1,0,181
183,2001,1,MARRIED,N,0,10200100051,-0.0024,0.15,0.0269,2871655,3,2.0,3,1,0,0,0,182
184,1974,0,MARRIED,N,0,10200100051,-0.0024,0.15,0.0269,4515095,3,4.0,2,0,0,0,0,183
185,2000,0,MARRIED,N,0,10200100051,-0.0024,0.15,0.0269,1513602,3,1.0,3,0,0,0,0,184
186,1965,0,MARRIED,N,0,10200100109,-0.0024,0.15,0.0269,3002194,1,3.0,1,0,0,0,0,185
187,1971,0,MARRIED,Y,0,10200100092,-0.0118,0.2673,0.0448,1300220,2,1.0,2,0,0,1,0,186
188,1989,0,MARRIED,Y,0,10200100109,-0.0118,0.2673,0.0448,3577606,1,3.0,2,0,0,1,0,187
189,1964,0,MARRIED,Y,0,10200100092,-0.0118,0.2673,0.0448,1576566,2,1.0,1,0,0,1,0,188
190,1989,0,MARRIED,N,0,10200100051,0.1423,0.2341,0.0113,2040948,3,2.0,2,0,0,0,0,189
191,2000,0,MARRIED,N,0,10200100092,0.1423,0.2341,0.0113,4740017,2,4.0,3,0,0,0,0,190
192,1974,0,MARRIED,N,0,10200100084,0.1423,0.2341,0.0113,3172165,0,3.0,2,0,0,0,0,191
193,2003,0,MARRIED,Y,0,10200100084,0.0918,0.0949,0.0173,4272501,0,4.0,3,0,0,1,0,192
194,2004,1,MARRIED,Y,0,10200100104,0.0918,0.0949,0.0173,1529288,4,1.0,3,1,0,1,0,193
195,2003,1,MARRIED,N,0,10200100092,0.1562,0.1006,0.0404,2706129,2,2.0,3,1,0,0,0,194
196,1984,0,MARRIED,N,0,10200100092,0.1562,0.1006,0.0404,4885008,2,4.0,2,0,0,0,0,195
197,1982,0,SINGLE,Y,0,10200100051,-0.0477,0.0582,0.0144,1187415,3,1.0,2,0,1,1,0,196
198,1999,0,SINGLE,Y,0,10200100104,-0.0477,0.0582,0.0144,5309112,4,,3,0,1,1,0,197
199,1982,0,SINGLE,Y,0,10200100109,-0.0477,0.0582,0.0144,2153731,1,2.0,2,0,1,1,0,198
200,2002,0,SINGLE,Y,0,10200100109,-0.0477,0.0582,0.0144,2339662,1,2.0,3,0,1,1,0,199
201,1996,0,SINGLE,N,0,10200100084,0.0646,0.2855,0.0476,1346500,0,1.0,3,0,1,0,0,200
202,2002,1,SINGLE,Y,0,10200100051,0.09,0.289,0.0292,4244551,3,4.0,3,1,1,1,0,201
203,1976,1,SINGLE,Y,0,10200100092,0.09,0.289,0.0292,3556867,2,3.0,2,1,1,1,0,202
204,1972,1,SINGLE,Y,0,10200100104,0.09,0.289,0.0292,5363312,4,,2,1,1,1,0,203
205,2002,1,SINGLE,Y,0,10200100109,0.09,0.289,0.0292,1456964,1,1.0,3,1,1,1,0,204
206,1992,1,MARRIED,N,0,10200100051,0.0083,0.0992,0.0339,4286652,3,4.0,3,1,0,0,0,205
207,1986,0,SINGLE,Y,0,10200100104,0.1471,0.2813,0.0097,4512588,4,4.0,2,0,1,1,0,206
208,1972,1,MARRIED,Y,0,10200100051,-0.0519,0.1496,0.0288,4149744,3,4.0,2,1,0,1,0,207
209,1968,0,MARRIED,Y,0,10200100109,-0.0519,0.1496,0.0288,3363310,1,3.0,1,0,0,1,0,208
210,1986,0,MARRIED,Y,0,10200100109,-0.0519,0.1496,0.0288,4309123,1,4.0,2,0,0,1,0,209
211,1970,0,MARRIED,Y,0,10200100092,-0.0216,0.1291,0.0127,2445880,2,2.0,1,0,0,1,0,210
212,2005,1,MARRIED,Y,0,10200100084,-0.0216,0.1291,0.0127,3080352,0,3.0,3,1,0,1,0,211
213,1971,1,MARRIED,Y,0,10200100092,-0.0216,0.1291,0.0127,3235529,2,3.0,2,1,0,1,0,212
214,1967,1,SINGLE,Y,0,10200100104,-0.0263,0.1184,0.0129,4321772,4,4.0,1,1,1,1,0,213
215,1967,1,SINGLE,Y,0,10200100109,-0.0263,0.1184,0.0129,4736056,1,4.0,1,1,1,1,0,214
216,1975,1,SINGLE,Y,0,10200100051,-0.0263,0.1184,0.0129,1428865,3,1.0,2,1,1,1,0,215
217,1980,1,MARRIED,N,0,10200100084,-0.0565,0.115,0.0443,3925425,0,3.0,2,1,0,0,0,216
218,1988,1,MARRIED,N,0,10200100051,-0.0565,0.115,0.0443,4557678,3,4.0,2,1,0,0,0,217
219,1982,1,MARRIED,Y,0,10200100092,0.188,0.182,0.0284,2425790,2,2.0,2,1,0,1,0,218
220,1997,0,MARRIED,Y,0,10200100104,0.188,0.182,0.0284,4909897,4,4.0,3,0,0,1,0,219
221,1980,0,MARRIED,Y,0,10200100092,0.188,0.182,0.0284,1303775,2,1.0,2,0,0,1,0,220
222,1996,0,MARRIED,Y,0,10200100092,0.188,0.182,0.0284,5299119,2,,3,0,0,1,0,221
223,2003,0,MARRIED,N,0,10200100084,0.1114,0.1396,0.0289,3484055,0,3.0,3,0,0,0,0,222
224,1976,1,MARRIED,N,0,10200100104,0.1114,0.1396,0.0289,3146023,4,3.0,2,1,0,0,0,223
225,2005,1,MARRIED,Y,0,10200100092,-0.0572,0.1726,0.0001,3803721,2,3.0,3,1,0,1,0,224
226,1972,0,SINGLE,Y,0,10200100084,0.1041,0.1818,0.0234,2884969,0,2.0,2,0,1,1,0,225
227,1967,0,SINGLE,Y,0,10200100092,0.1041,0.1818,0.0234,3587341,2,3.0,1,0,1,1,0,226
228,1967,0,MARRIED,N,0,10200100109,0.0296,0.0617,0.0224,2690369,1,2.0,1,0,0,0,0,227
229,1997,1,MARRIED,N,0,10200100051,0.0296,0.0617,0.0224,1092967,3,1.0,3,1,0,0,0,228
230,1969,1,MARRIED,N,0,10200100092,0.0296,0.0617,0.0224,4776197,2,4.0,1,1,0,0,0,229
231,1986,1,SINGLE,Y,0,10200100109,0.0981,0.2007,0.0459,2879296,1,2.0,2,1,1,1,0,230
232,1977,1,SINGLE,Y,0,10200100109,0.0981,0.2007,0.0459,3032535,1,3.0,2,1,1,1,0,231
233,1974,1,SINGLE,Y,0,10200100051,0.0981,0.2007,0.0459,3416425,3,3.0,2,1,1,1,0,232
234,1981,1,SINGLE,Y,0,10200100051,0.0768,0.2299,0.0157,1996118,3,1.0,2,1,1,1,0,233
235,1969,1,SINGLE,Y,0,10200100092,0.0768,0.2299,0.0157,2139574,2,2.0,1,1,1,1,0,234
236,1986,1,MARRIED,N,0,10200100051,-0.0289,0.2638,0.0084,1260843,3,1.0,2,1,0,0,0,235
237,1977,1,MARRIED,N,0,10200100092,-0.0289,0.2638,0.0084,4391941,2,4.0,2,1,0,0,0,236
238,1988,1,MARRIED,N,0,10200100104,-0.0289,0.2638,0.0084,4794499,4,4.0,2,1,0,0,0,237
239,2001,1,SINGLE,Y,0,10200100051,0.1023,0.071,0.0453,4944740,3,4.0,3,1,1,1,0,238
240,1971,0,SINGLE,Y,0,10200100084,0.1023,0.071,0.0453,3936186,0,3.0,2,0,1,1,0,239
241,1969,0,SINGLE,Y,0,10200100092,0.1023,0.071,0.0453,3429013,2,3.0,1,0,1,1,0,240
242,1995,0,MARRIED,Y,0,10200100104,0.0406,0.057999999999999996,0.0337,1825727,4,1.0,3,0,0,1,0,241
243,1969,0,MARRIED,Y,0,10200100109,0.0406,0.057999999999999996,0.0337,5450323,1,,1,0,0,1,0,242
244,1991,0,MARRIED,Y,0,10200100104,0.0406,0.057999999999999996,0.0337,1470760,4,1.0,3,0,0,1,0,243
245,1975,0,MARRIED,Y,0,10200100084,0.0406,0.057999999999999996,0.0337,2172945,0,2.0,2,0,0,1,0,244
246,1991,0,MARRIED,Y,0,10200100109,0.1273,0.1037,0.0095,1883049,1,1.0,3,0,0,1,0,245
247,1967,0,MARRIED,Y,0,10200100092,0.1273,0.1037,0.0095,2639557,2,2.0,1,0,0,1,0,246
248,1973,0,SINGLE,N,0,10200100084,-0.0041,0.1353,0.0114,3412007,0,3.0,2,0,1,0,0,247
249,1995,0,SINGLE,N,0,10200100092,-0.0041,0.1353,0.0114,4319778,2,4.0,3,0,1,0,0,248
250,2004,0,SINGLE,N,0,10200100084,-0.0041,0.1353,0.0114,3421753,0,3.0,3,0,1,0,0,249
251,1975,0,SINGLE,N,0,10200100051,0.0922,0.2471,0.0485,3089105,3,3.0,2,0,1,0,0,250
252,1996,0,SINGLE,N,0,10200100051,0.0922,0.2471,0.0485,5296450,3,,3,0,1,0,0,251
253,1977,0,SINGLE,N,0,10200100084,0.0922,0.2471,0.0485,1096261,0,1.0,2,0,1,0,0,252
254,1983,0,SINGLE,N,0,10200100084,0.0922,0.2471,0.0485,5258811,0,,2,0,1,0,0,253
255,1993,0,SINGLE,Y,0,10200100109,0.0819,0.2161,0.0045,2063496,1,2.0,3,0,1,1,0,254
256,1997,0,SINGLE,Y,0,10200100109,0.0819,0.2161,0.0045,2119880,1,2.0,3,0,1,1,0,255
257,1968,0,MARRIED,N,0,10200100092,0.1791,0.0833,0.0272,3567855,2,3.0,1,0,0,0,0,256
258,1998,1,MARRIED,N,0,10200100109,0.1791,0.0833,0.0272,2935143,1,2.0,3,1,0,0,0,257
259,1964,1,MARRIED,N,0,10200100104,0.1791,0.0833,0.0272,3141155,4,3.0,1,1,0,0,0,258
260,2006,1,MARRIED,Y,0,10200100084,0.10800000000000001,0.1832,0.0156,3379945,0,3.0,3,1,0,1,0,259
261,2002,1,MARRIED,Y,0,10200100104,0.10800000000000001,0.1832,0.0156,2975522,4,2.0,3,1,0,1,0,260
262,1986,1,MARRIED,Y,0,10200100092,0.10800000000000001,0.1832,0.0156,5012296,2,,2,1,0,1,0,261
263,1984,1,MARRIED,Y,0,10200100092,0.10800000000000001,0.1832,0.0156,1818108,2,1.0,2,1,0,1,0,262
264,1966,1,SINGLE,N,0,10200100092,0.0138,0.1028,0.0205,4383401,2,4.0,1,1,1,0,0,263
265,1971,0,SINGLE,N,0,10200100109,0.0138,0.1028,0.0205,2244208,1,2.0,2,0,1,0,0,264
266,1966,0,SINGLE,N,0,10200100104,0.0138,0.1028,0.0205,2030198,4,2.0,1,0,1,0,0,265
267,1966,0,MARRIED,Y,0,10200100092,0.1529,0.1328,0.0488,4875646,2,4.0,1,0,0,1,0,266
268,1985,0,MARRIED,Y,0,10200100092,0.1529,0.1328,0.0488,2914893,2,2.0,2,0,0,1,0,267
269,1990,0,SINGLE,Y,0,10200100084,0.1135,0.1746,0.0325,3693492,0,3.0,2,0,1,1,0,268
270,1992,0,MARRIED,Y,0,10200100109,0.1774,0.2223,0.0131,1157713,1,1.0,3,0,0,1,0,269
271,1991,1,SINGLE,Y,0,10200100051,0.0773,0.0676,0.0479,2798853,3,2.0,3,1,1,1,0,270
272,1980,0,MARRIED,N,0,10200100104,-0.03,0.0994,0.0241,1624275,4,1.0,2,0,0,0,0,271
273,2002,1,MARRIED,N,0,10200100092,-0.03,0.0994,0.0241,3331204,2,3.0,3,1,0,0,0,272
274,1968,1,MARRIED,Y,0,10200100092,0.1446,0.2365,0.0158,1367246,2,1.0,1,1,0,1,0,273
275,2000,1,MARRIED,Y,0,10200100104,0.1446,0.2365,0.0158,5033154,4,,3,1,0,1,0,274
276,1991,1,MARRIED,Y,0,10200100104,0.1446,0.2365,0.0158,1136767,4,1.0,3,1,0,1,0,275
277,2002,1,MARRIED,Y,0,10200100109,0.1446,0.2365,0.0158,2305437,1,2.0,3,1,0,1,0,276
278,1999,1,MARRIED,Y,0,10200100051,0.1963,0.0781,0.0081,4410565,3,4.0,3,1,0,1,0,277
279,1965,1,MARRIED,Y,0,10200100084,0.1963,0.0781,0.0081,3929251,0,3.0,1,1,0,1,0,278
280,1995,1,MARRIED,Y,0,10200100051,0.1963,0.0781,0.0081,3922315,3,3.0,3,1,0,1,0,279
281,1995,1,SINGLE,N,0,10200100092,0.0723,0.0641,0.0032,2609655,2,2.0,3,1,1,0,0,280
282,1981,0,SINGLE,N,0,10200100092,0.0723,0.0641,0.0032,4349403,2,4.0,2,0,1,0,0,281
283,1975,0,SINGLE,N,0,10200100084,0.0723,0.0641,0.0032,4710463,0,4.0,2,0,1,0,0,282
284,1981,0,SINGLE,N,0,10200100109,0.1112,0.0702,0.0364,4724245,1,4.0,2,0,1,0,0,283
285,1991,1,SINGLE,N,0,10200100084,0.1112,0.0702,0.0364,5113066,0,,3,1,1,0,0,284
286,1979,1,SINGLE,N,0,10200100092,0.1112,0.0702,0.0364,4473494,2,4.0,2,1,1,0,0,285
287,1970,1,SINGLE,N,0,10200100051,0.1112,0.0702,0.0364,4313822,3,4.0,1,1,1,0,0,286
288,1997,1,SINGLE,N,0,10200100109,-0.0516,0.19399999999999998,0.0325,1787632,1,1.0,3,1,1,0,0,287
289,1965,0,SINGLE,N,0,10200100104,-0.0516,0.19399999999999998,0.0325,3435306,4,3.0,1,0,1,0,0,288
290,1964,0,SINGLE,N,0,10200100104,-0.0516,0.19399999999999998,0.0325,4920164,4,4.0,1,0,1,0,0,289
291,1986,0,SINGLE,N,0,10200100051,-0.0516,0.19399999999999998,0.0325,4228006,3,4.0,2,0,1,0,0,290
292,2006,0,MARRIED,Y,0,10200100109,-0.0319,0.1214,0.0357,1627669,1,1.0,3,0,0,1,0,291
293,1976,0,MARRIED,Y,0,10200100104,-0.0319,0.1214,0.0357,3392709,4,3.0,2,0,0,1,0,292
294,1996,0,MARRIED,N,0,10200100051,-0.0464,0.2956,0.0226,3697464,3,3.0,3,0,0,0,0,293
295,1996,1,MARRIED,N,0,10200100109,-0.0464,0.2956,0.0226,1088511,1,1.0,3,1,0,0,0,294
296,2000,1,MARRIED,N,0,10200100092,-0.0464,0.2956,0.0226,1342285,2,1.0,3,1,0,0,0,295
297,1988,1,MARRIED,N,0,10200100092,-0.0464,0.2956,0.0226,2883597,2,2.0,2,1,0,0,0,296
298,1977,1,MARRIED,Y,0,10200100084,0.1951,0.171,0.0197,1649935,0,1.0,2,1,0,1,0,297
299,1971,1,MARRIED,Y,0,10200100051,0.1951,0.171,0.0197,4851405,3,4.0,2,1,0,1,0,298
300,1964,1,SINGLE,N,0,10200100104,-0.0971,0.1204,0.0028,3325681,4,3.0,1,1,1,0,0,299
301,1968,0,SINGLE,Y,0,10200100092,-0.0411,0.2724,0.0387,1590352,2,1.0,1,0,1,1,0,300
302,1965,0,SINGLE,Y,0,10200100109,-0.0411,0.2724,0.0387,5155070,1,,1,0,1,1,0,301
303,1998,0,SINGLE,Y,0,10200100051,-0.0411,0.2724,0.0387,1220726,3,1.0,3,0,1,1,0,302
304,1983,0,SINGLE,Y,0,10200100104,-0.0411,0.2724,0.0387,3578162,4,3.0,2,0,1,1,0,303
305,1993,0,MARRIED,N,0,10200100092,0.0773,0.2406,0.0458,2855689,2,2.0,3,0,0,0,0,304
306,1988,0,SINGLE,N,0,10200100051,0.1058,0.1711,0.0253,1220108,3,1.0,2,0,1,0,0,305
307,1989,0,MARRIED,Y,0,10200100084,0.0756,0.2791,0.0471,4158530,0,4.0,2,0,0,1,0,306
308,2002,1,MARRIED,Y,0,10200100051,0.0756,0.2791,0.0471,4830404,3,4.0,3,1,0,1,0,307
309,1989,1,MARRIED,N,0,10200100104,0.196,0.1915,0.0125,2327881,4,2.0,2,1,0,0,0,308
310,1994,0,MARRIED,N,0,10200100104,0.196,0.1915,0.0125,4655053,4,4.0,3,0,0,0,0,309
311,1965,0,MARRIED,N,0,10200100092,0.196,0.1915,0.0125,4736687,2,4.0,1,0,0,0,0,310
312,1999,0,MARRIED,N,0,10200100084,0.196,0.1915,0.0125,3562609,0,3.0,3,0,0,0,0,311
313,1994,0,SINGLE,Y,0,10200100109,-0.0863,0.2459,0.0402,4748521,1,4.0,3,0,1,1,0,312
314,1978,1,SINGLE,Y,0,10200100051,-0.0863,0.2459,0.0402,2488396,3,2.0,2,1,1,1,0,313
315,1966,1,SINGLE,Y,0,10200100051,-0.0863,0.2459,0.0402,3801289,3,3.0,1,1,1,1,0,314
316,1965,1,SINGLE,Y,0,10200100109,-0.0863,0.2459,0.0402,1026859,1,1.0,1,1,1,1,0,315
317,1998,1,MARRIED,Y,0,10200100109,0.1414,0.2455,0.0471,1224018,1,1.0,3,1,0,1,0,316
318,1972,1,MARRIED,Y,0,10200100109,0.1414,0.2455,0.0471,2886895,1,2.0,2,1,0,1,0,317
319,1973,1,MARRIED,Y,0,10200100084,0.1414,0.2455,0.0471,1604212,0,1.0,2,1,0,1,0,318
320,1987,1,SINGLE,Y,0,10200100084,0.1753,0.2259,0.0172,4553393,0,4.0,2,1,1,1,0,319
321,1972,1,MARRIED,Y,0,10200100109,0.1804,0.1708,0.0008,4488077,1,4.0,2,1,0,1,0,320
322,1970,0,MARRIED,N,0,10200100104,0.0681,0.135,0.006,3238957,4,3.0,1,0,0,0,0,321
323,1999,1,MARRIED,N,0,10200100051,0.0681,0.135,0.006,5417895,3,,3,1,0,0,0,322
324,1991,1,MARRIED,N,0,10200100051,0.0681,0.135,0.006,1128091,3,1.0,3,1,0,0,0,323
325,1998,1,MARRIED,Y,0,10200100104,-0.0457,0.2205,0.0266,4161829,4,4.0,3,1,0,1,0,324
326,1979,0,MARRIED,Y,0,10200100104,-0.0457,0.2205,0.0266,4764053,4,4.0,2,0,0,1,0,325
327,1972,0,MARRIED,N,0,10200100084,0.1143,0.2029,0.0313,4297123,0,4.0,2,0,0,0,0,326
328,1968,0,MARRIED,N,0,10200100104,0.1143,0.2029,0.0313,1282640,4,1.0,1,0,0,0,0,327
329,2002,0,MARRIED,N,0,10200100084,0.1143,0.2029,0.0313,1318258,0,1.0,3,0,0,0,0,328
330,1972,0,MARRIED,N,0,10200100084,-0.0874,0.07,0.0436,4987902,0,4.0,2,0,0,0,0,329
331,1991,1,MARRIED,N,0,10200100084,-0.0874,0.07,0.0436,4736572,0,4.0,3,1,0,0,0,330
332,1991,1,MARRIED,N,0,10200100092,-0.0874,0.07,0.0436,4795070,2,4.0,3,1,0,0,0,331
333,1994,1,SINGLE,N,0,10200100092,-0.0655,0.1758,0.0146,1565551,2,1.0,3,1,1,0,0,332
334,1976,0,SINGLE,N,0,10200100092,-0.0655,0.1758,0.0146,1513264,2,1.0,2,0,1,0,0,333
335,1986,0,SINGLE,N,0,10200100051,-0.0655,0.1758,0.0146,3935528,3,3.0,2,0,1,0,0,334
336,2002,0,SINGLE,N,0,10200100109,0.0451,0.2709,0.0479,1426117,1,1.0,3,0,1,0,0,335
337,1980,0,SINGLE,N,0,10200100051,0.0451,0.2709,0.0479,4140960,3,4.0,2,0,1,0,0,336
338,1966,0,SINGLE,N,0,10200100084,0.0451,0.2709,0.0479,1440630,0,1.0,1,0,1,0,0,337
339,1968,0,SINGLE,N,0,10200100104,0.0451,0.2709,0.0479,3810652,4,3.0,1,0,1,0,0,338
340,2005,0,SINGLE,N,0,10200100084,-0.0576,0.1006,0.0471,4798853,0,4.0,3,0,1,0,0,339
341,1996,0,SINGLE,N,0,10200100109,-0.0576,0.1006,0.0471,4592296,1,4.0,3,0,1,0,0,340
342,1971,0,SINGLE,N,0,10200100104,-0.0576,0.1006,0.0471,3820057,4,3.0,2,0,1,0,0,341
343,1985,0,SINGLE,N,0,10200100092,-0.0576,0.1006,0.0471,1712977,2,1.0,2,0,1,0,0,342
344,1975,0,MARRIED,Y,0,10200100084,0.0696,0.2168,0.0217,4502983,0,4.0,2,0,0,1,0,343
345,1976,0,MARRIED,Y,0,10200100109,0.0696,0.2168,0.0217,5379451,1,,2,0,0,1,0,344
346,1975,0,MARRIED,Y,0,10200100051,0.0696,0.2168,0.0217,1799090,3,1.0,2,0,0,1,0,345
347,1990,0,MARRIED,N,0,10200100104,0.1218,0.19699999999999998,0.0193,3821669,4,3.0,2,0,0,0,0,346
348,1984,0,MARRIED,N,0,10200100051,0.1218,0.19699999999999998,0.0193,4036075,3,4.0,2,0,0,0,0,347
349,1986,0,MARRIED,N,0,10200100084,0.1218,0.19699999999999998,0.0193,4284571,0,4.0,2,0,0,0,0,348
350,1973,0,MARRIED,N,0,10200100051,0.1218,0.19699999999999998,0.0193,4669476,3,4.0,2,0,0,0,0,349
351,1975,0,SINGLE,Y,0,10200100084,0.0743,0.2183,0.0358,3109122,0,3.0,2,0,1,1,0,350
352,1994,0,SINGLE,N,0,10200100109,0.0372,0.1969,0.0479,1809016,1,1.0,3,0,1,0,0,351
353,1970,1,SINGLE,Y,0,10200100092,-0.0388,0.1707,0.0029,3529899,2,3.0,1,1,1,1,0,352
354,1996,1,MARRIED,Y,0,10200100104,0.0241,0.1813,0.0084,5186791,4,,3,1,0,1,0,353
355,1988,0,MARRIED,Y,0,10200100092,0.0241,0.1813,0.0084,2932847,2,2.0,2,0,0,1,0,354
356,2000,0,MARRIED,N,0,10200100051,0.1997,0.1105,0.0082,4353867,3,4.0,3,0,0,0,0,355
357,1978,0,SINGLE,N,0,10200100109,0.1997,0.1761,0.0463,1463226,1,1.0,2,0,1,0,0,356
358,1987,1,SINGLE,N,0,10200100051,0.1997,0.1761,0.0463,3211735,3,3.0,2,1,1,0,0,357
359,1987,1,SINGLE,N,0,10200100092,0.1997,0.1761,0.0463,1156862,2,1.0,2,1,1,0,0,358
360,1995,1,MARRIED,N,0,10200100104,0.1131,0.2449,0.0075,1121007,4,1.0,3,1,0,0,0,359
361,1996,0,MARRIED,N,0,10200100051,0.1131,0.2449,0.0075,3893307,3,3.0,3,0,0,0,0,360
362,1998,0,MARRIED,N,0,10200100109,0.1131,0.2449,0.0075,1642393,1,1.0,3,0,0,0,0,361
363,1983,0,MARRIED,Y,0,10200100051,0.1615,0.2653,0.0051,4193864,3,4.0,2,0,0,1,0,362
364,1976,0,MARRIED,Y,0,10200100084,0.1615,0.2653,0.0051,4794963,0,4.0,2,0,0,1,0,363
365,1986,0,MARRIED,Y,0,10200100104,0.1615,0.2653,0.0051,2306482,4,2.0,2,0,0,1,0,364
366,1986,0,MARRIED,Y,0,10200100084,0.1615,0.2653,0.0051,1378329,0,1.0,2,0,0,1,0,365
367,2002,0,SINGLE,Y,0,10200100092,0.0011,0.0926,0.0126,4440173,2,4.0,3,0,1,1,0,366
368,1986,0,SINGLE,Y,0,10200100084,0.0011,0.0926,0.0126,5132381,0,,2,0,1,1,0,367
369,1997,0,SINGLE,N,0,10200100092,0.0859,0.1509,0.0391,5268134,2,,3,0,1,0,0,368
370,1986,1,SINGLE,N,0,10200100051,0.0859,0.1509,0.0391,5450807,3,,2,1,1,0,0,369
371,2004,1,SINGLE,N,0,10200100084,0.0031,0.2476,0.0058,5471554,0,,3,1,1,0,0,370
372,1997,1,SINGLE,N,0,10200100092,0.0031,0.2476,0.0058,3288825,2,3.0,3,1,1,0,0,371
373,2003,1,SINGLE,N,0,10200100051,0.0031,0.2476,0.0058,4836782,3,4.0,3,1,1,0,0,372
374,1974,1,SINGLE,N,0,10200100051,0.0031,0.2476,0.0058,3108435,3,3.0,2,1,1,0,0,373
375,1998,1,SINGLE,N,0,10200100092,-0.0351,0.0928,0.0322,2536999,2,2.0,3,1,1,0,0,374
376,1968,0,SINGLE,N,0,10200100051,-0.0351,0.0928,0.0322,2291617,3,2.0,1,0,1,0,0,375
377,1979,0,SINGLE,N,0,10200100084,-0.0351,0.0928,0.0322,2095436,0,2.0,2,0,1,0,0,376
378,1994,0,SINGLE,Y,0,10200100104,-0.0185,0.0695,0.0475,1843342,4,1.0,3,0,1,1,0,377
379,1965,1,SINGLE,Y,0,10200100084,0.1763,0.0824,0.0359,4773670,0,4.0,1,1,1,1,0,378
380,1970,1,MARRIED,N,0,10200100109,-0.0391,0.1998,0.0196,4285848,1,4.0,1,1,0,0,0,379
381,1975,0,MARRIED,N,0,10200100051,-0.0391,0.1998,0.0196,3307122,3,3.0,2,0,0,0,0,380
382,1965,0,MARRIED,N,0,10200100051,-0.0391,0.1998,0.0196,1575439,3,1.0,1,0,0,0,0,381
383,2002,0,MARRIED,N,0,10200100104,-0.0391,0.1998,0.0196,1369668,4,1.0,3,0,0,0,0,382
384,1992,0,SINGLE,N,0,10200100084,-0.0452,0.2907,0.0481,3691663,0,3.0,3,0,1,0,0,383
385,2003,0,SINGLE,N,0,10200100051,-0.0452,0.2907,0.0481,1288008,3,1.0,3,0,1,0,0,384
386,2000,0,SINGLE,N,0,10200100084,-0.0452,0.2907,0.0481,2917651,0,2.0,3,0,1,0,0,385
387,1993,0,MARRIED,Y,0,10200100109,0.0721,0.24100000000000002,0.05,3419122,1,3.0,3,0,0,1,0,386
388,1969,1,MARRIED,Y,0,10200100084,0.0721,0.24100000000000002,0.05,4889360,0,4.0,1,1,0,1,0,387
389,1977,1,MARRIED,Y,0,10200100109,0.0721,0.24100000000000002,0.05,4428010,1,4.0,2,1,0,1,0,388
390,1993,1,MARRIED,Y,0,10200100084,0.0721,0.24100000000000002,0.05,2187151,0,2.0,3,1,0,1,0,389
391,1997,1,SINGLE,N,0,10200100109,0.0474,0.0531,0.044000000000000004,1523007,1,1.0,3,1,1,0,0,390
392,1965,1,SINGLE,N,0,10200100109,0.0474,0.0531,0.044000000000000004,2105815,1,2.0,1,1,1,0,0,391
393,1986,1,SINGLE,N,0,10200100104,0.0474,0.0531,0.044000000000000004,3814231,4,3.0,2,1,1,0,0,392
394,1968,1,SINGLE,N,0,10200100092,0.0474,0.0531,0.044000000000000004,1787355,2,1.0,1,1,1,0,0,393
395,2003,1,SINGLE,N,0,10200100092,0.0016,0.1303,0.0217,5409745,2,,3,1,1,0,0,394
396,1989,1,SINGLE,N,0,10200100084,0.0016,0.1303,0.0217,3405402,0,3.0,2,1,1,0,0,395
397,1974,1,SINGLE,N,0,10200100109,0.0016,0.1303,0.0217,3355358,1,3.0,2,1,1,0,0,396
398,1974,1,SINGLE,Y,0,10200100092,0.1083,0.1656,0.0057,3872266,2,3.0,2,1,1,1,0,397
399,2004,0,SINGLE,Y,0,10200100084,0.1083,0.1656,0.0057,3626434,0,3.0,3,0,1,1,0,398
400,1964,0,SINGLE,Y,0,10200100109,0.0044,0.1232,0.0096,3694230,1,3.0,1,0,1,1,0,399
401,1988,1,SINGLE,Y,0,10200100109,0.0044,0.1232,0.0096,2271028,1,2.0,2,1,1,1,0,400
402,1985,1,SINGLE,Y,0,10200100051,0.0044,0.1232,0.0096,5228689,3,,2,1,1,1,0,401
403,1998,1,SINGLE,Y,0,10200100109,0.0044,0.1232,0.0096,2298999,1,2.0,3,1,1,1,0,402
404,1994,1,MARRIED,N,0,10200100092,0.11699999999999999,0.1864,0.0398,2652264,2,2.0,3,1,0,0,0,403
405,1995,0,MARRIED,N,0,10200100084,0.1303,0.0901,0.0179,1067013,0,1.0,3,0,0,0,0,404
406,2002,1,SINGLE,N,0,10200100092,0.0234,0.0638,0.013000000000000001,3166816,2,3.0,3,1,1,0,0,405
407,1994,1,SINGLE,N,0,10200100109,0.0234,0.0638,0.013000000000000001,4951767,1,4.0,3,1,1,0,0,406
408,1984,1,SINGLE,N,0,10200100109,0.0234,0.0638,0.013000000000000001,3859853,1,3.0,2,1,1,0,0,407
409,1975,1,SINGLE,N,0,10200100109,0.0234,0.0638,0.013000000000000001,5260397,1,,2,1,1,0,0,408
410,1994,1,SINGLE,Y,0,10200100104,0.0282,0.2446,0.0128,4696145,4,4.0,3,1,1,1,0,409
411,1982,1,SINGLE,Y,0,10200100109,0.0282,0.2446,0.0128,2180761,1,2.0,2,1,1,1,0,410
412,1974,1,SINGLE,N,0,10200100051,0.1425,0.1049,0.0196,1370220,3,1.0,2,1,1,0,0,411
413,1964,0,SINGLE,N,0,10200100109,0.1425,0.1049,0.0196,3505335,1,3.0,1,0,1,0,0,412
414,1981,0,SINGLE,N,0,10200100109,0.1425,0.1049,0.0196,3874965,1,3.0,2,0,1,0,0,413
415,1974,0,SINGLE,N,0,10200100104,0.1425,0.1049,0.0196,4284026,4,4.0,2,0,1,0,0,414
416,1981,0,SINGLE,N,0,10200100109,0.1448,0.2123,0.0403,1646193,1,1.0,2,0,1,0,0,415
417,1967,0,SINGLE,N,0,10200100051,0.1448,0.2123,0.0403,2698388,3,2.0,1,0,1,0,0,416
418,1973,0,SINGLE,N,0,10200100092,0.1448,0.2123,0.0403,5263908,2,,2,0,1,0,0,417
419,1977,0,SINGLE,N,0,10200100051,0.1448,0.2123,0.0403,3549665,3,3.0,2,0,1,0,0,418
420,2004,0,MARRIED,Y,0,10200100084,0.0574,0.2731,0.0036,2017196,0,2.0,3,0,0,1,0,419
421,1969,0,MARRIED,Y,0,10200100051,0.0574,0.2731,0.0036,1294493,3,1.0,1,0,0,1,0,420
422,1977,0,MARRIED,Y,0,10200100092,0.0574,0.2731,0.0036,4784460,2,4.0,2,0,0,1,0,421
423,1979,0,SINGLE,Y,0,10200100051,-0.0775,0.2524,0.0207,1227771,3,1.0,2,0,1,1,0,422
424,2001,0,SINGLE,Y,0,10200100109,-0.0775,0.2524,0.0207,3762326,1,3.0,3,0,1,1,0,423
425,2005,0,MARRIED,Y,0,10200100092,0.1181,0.1241,0.047,5489258,2,,3,0,0,1,0,424
426,1971,1,MARRIED,Y,0,10200100051,0.1181,0.1241,0.047,3613052,3,3.0,2,1,0,1,0,425
427,1980,1,MARRIED,Y,0,10200100051,0.0562,0.0712,0.0236,1740324,3,1.0,2,1,0,1,0,426
428,1981,0,MARRIED,Y,0,10200100092,0.0562,0.0712,0.0236,4040576,2,4.0,2,0,0,1,0,427
429,2001,0,SINGLE,N,0,10200100109,-0.0222,0.1337,0.0364,1468100,1,1.0,3,0,1,0,0,428
430,1996,0,SINGLE,N,0,10200100104,-0.0222,0.1337,0.0364,1070025,4,1.0,3,0,1,0,0,429
431,1984,0,MARRIED,Y,0,10200100092,0.0948,0.0692,0.0215,2036613,2,2.0,2,0,0,1,0,430
432,1984,1,MARRIED,Y,0,10200100051,0.0948,0.0692,0.0215,2595731,3,2.0,2,1,0,1,0,431
433,1994,1,MARRIED,Y,0,10200100092,0.0948,0.0692,0.0215,2548392,2,2.0,3,1,0,1,0,432
434,1980,1,MARRIED,Y,0,10200100092,0.0948,0.0692,0.0215,2207251,2,2.0,2,1,0,1,0,433
435,2005,1,MARRIED,N,0,10200100109,-0.0068,0.2421,0.0247,4741005,1,4.0,3,1,0,0,0,434
436,1975,1,SINGLE,Y,0,10200100092,0.0243,0.2104,0.0111,3324174,2,3.0,2,1,1,1,0,435
437,1967,1,MARRIED,Y,0,10200100104,0.015,0.0947,0.0086,4777398,4,4.0,1,1,0,1,0,436
438,1972,1,MARRIED,Y,0,10200100051,0.015,0.0947,0.0086,3075845,3,3.0,2,1,0,1,0,437
439,1994,1,MARRIED,Y,0,10200100051,0.006,0.0624,0.0131,4250882,3,4.0,3,1,0,1,0,438
440,1986,1,MARRIED,Y,0,10200100092,0.006,0.0624,0.0131,1653219,2,1.0,2,1,0,1,0,439
441,1979,1,MARRIED,Y,0,10200100104,0.006,0.0624,0.0131,2071084,4,2.0,2,1,0,1,0,440
442,1997,1,MARRIED,Y,0,10200100109,0.006,0.0624,0.0131,4659974,1,4.0,3,1,0,1,0,441
443,1968,1,MARRIED,Y,0,10200100109,-0.0836,0.139,0.0269,3522956,1,3.0,1,1,0,1,0,442
444,2000,1,MARRIED,Y,0,10200100084,-0.0836,0.139,0.0269,4472260,0,4.0,3,1,0,1,0,443
445,1997,1,MARRIED,Y,0,10200100051,-0.0133,0.2363,0.0237,4039403,3,4.0,3,1,0,1,0,444
446,1966,0,MARRIED,Y,0,10200100084,-0.0133,0.2363,0.0237,2076301,0,2.0,1,0,0,1,0,445
447,1997,0,MARRIED,Y,0,10200100104,-0.0133,0.2363,0.0237,1167692,4,1.0,3,0,0,1,0,446
448,1993,0,MARRIED,Y,0,10200100109,-0.0133,0.2363,0.0237,4574886,1,4.0,3,0,0,1,0,447
449,1971,0,MARRIED,Y,0,10200100092,0.1005,0.204,0.0131,2894438,2,2.0,2,0,0,1,0,448
450,1988,1,MARRIED,Y,0,10200100084,0.0921,0.1362,0.0061,1349033,0,1.0,2,1,0,1,0,449
451,1987,0,MARRIED,Y,0,10200100084,0.0921,0.1362,0.0061,1359319,0,1.0,2,0,0,1,0,450
452,1981,0,SINGLE,N,0,10200100092,0.1204,0.1507,0.0144,3101624,2,3.0,2,0,1,0,0,451
453,1979,1,SINGLE,N,0,10200100104,0.1204,0.1507,0.0144,2310431,4,2.0,2,1,1,0,0,452
454,1993,1,SINGLE,N,0,10200100084,0.1204,0.1507,0.0144,1845026,0,1.0,3,1,1,0,0,453
455,1967,1,SINGLE,Y,0,10200100051,0.1032,0.1734,0.0464,3685695,3,3.0,1,1,1,1,0,454
456,1973,1,SINGLE,Y,0,10200100084,0.1032,0.1734,0.0464,3063923,0,3.0,2,1,1,1,0,455
457,1990,1,SINGLE,Y,0,10200100109,0.1032,0.1734,0.0464,1053923,1,1.0,2,1,1,1,0,456
458,1991,1,SINGLE,Y,0,10200100051,0.1032,0.1734,0.0464,1680187,3,1.0,3,1,1,1,0,457
459,1997,1,MARRIED,Y,0,10200100109,0.0733,0.1376,0.0189,4912231,1,4.0,3,1,0,1,0,458
460,1979,0,MARRIED,Y,0,10200100109,0.0733,0.1376,0.0189,4205694,1,4.0,2,0,0,1,0,459
461,1979,0,SINGLE,N,0,10200100092,0.0006,0.1015,0.0146,1170039,2,1.0,2,0,1,0,0,460
462,1965,1,SINGLE,N,0,10200100109,0.0006,0.1015,0.0146,4587325,1,4.0,1,1,1,0,0,461
463,1988,1,SINGLE,N,0,10200100051,0.0006,0.1015,0.0146,3262169,3,3.0,2,1,1,0,0,462
464,1972,1,SINGLE,N,0,10200100084,0.0006,0.1015,0.0146,2846354,0,2.0,2,1,1,0,0,463
465,2000,1,MARRIED,N,0,10200100104,0.0579,0.2883,0.0198,2070237,4,2.0,3,1,0,0,0,464
466,1978,0,MARRIED,Y,0,10200100104,-0.0322,0.1999,0.0202,3678220,4,3.0,2,0,0,1,0,465
467,1983,0,MARRIED,Y,0,10200100084,-0.0322,0.1999,0.0202,4576260,0,4.0,2,0,0,1,0,466
468,1996,0,MARRIED,Y,0,10200100084,-0.0322,0.1999,0.0202,2524045,0,2.0,3,0,0,1,0,467
469,1997,0,MARRIED,Y,0,10200100104,-0.0322,0.1999,0.0202,5098560,4,,3,0,0,1,0,468
470,1992,0,MARRIED,N,0,10200100104,0.0656,0.1666,0.0109,4724864,4,4.0,3,0,0,0,0,469
471,1973,1,MARRIED,N,0,10200100104,0.0656,0.1666,0.0109,3153877,4,3.0,2,1,0,0,0,470
472,1995,1,MARRIED,N,0,10200100051,-0.0767,0.1093,0.0246,1218798,3,1.0,3,1,0,0,0,471
473,1971,1,MARRIED,N,0,10200100051,-0.0767,0.1093,0.0246,2845527,3,2.0,2,1,0,0,0,472
474,1965,1,SINGLE,Y,0,10200100104,0.1684,0.2528,0.0441,3338044,4,3.0,1,1,1,1,0,473
475,1973,0,MARRIED,Y,0,10200100092,0.1984,0.1376,0.0294,1623581,2,1.0,2,0,0,1,0,474
476,1987,0,MARRIED,Y,0,10200100084,0.1984,0.1376,0.0294,1760331,0,1.0,2,0,0,1,0,475
477,1966,0,MARRIED,Y,0,10200100051,0.1984,0.1376,0.0294,3643968,3,3.0,1,0,0,1,0,476
478,2001,0,MARRIED,Y,0,10200100104,0.1984,0.1376,0.0294,1450091,4,1.0,3,0,0,1,0,477
479,2003,0,MARRIED,Y,0,10200100109,0.0792,0.2692,0.0236,2173351,1,2.0,3,0,0,1,0,478
480,1990,1,MARRIED,Y,0,10200100109,0.0792,0.2692,0.0236,4306203,1,4.0,2,1,0,1,0,479
481,1980,1,MARRIED,Y,0,10200100092,0.0792,0.2692,0.0236,4864815,2,4.0,2,1,0,1,0,480
482,1980,1,SINGLE,N,0,10200100084,0.0408,0.282,0.0318,2748194,0,2.0,2,1,1,0,0,481
483,1992,1,SINGLE,N,0,10200100092,0.0408,0.282,0.0318,4572510,2,4.0,3,1,1,0,0,482
484,1966,1,SINGLE,N,0,10200100109,0.0408,0.282,0.0318,1359070,1,1.0,1,1,1,0,0,483
485,1994,1,SINGLE,N,0,10200100104,0.0408,0.282,0.0318,5446599,4,,3,1,1,0,0,484
486,1965,1,SINGLE,N,0,10200100104,0.127,0.2374,0.01,1791171,4,1.0,1,1,1,0,0,485
487,1992,1,SINGLE,Y,0,10200100051,-0.0635,0.0698,0.0045,4702669,3,4.0,3,1,1,1,0,486
488,2004,0,MARRIED,Y,0,10200100084,-0.0626,0.1188,0.0186,1278781,0,1.0,3,0,0,1,0,487
489,1969,0,SINGLE,Y,0,10200100092,0.1548,0.2588,0.0452,4460934,2,4.0,1,0,1,1,0,488
490,1982,0,SINGLE,Y,0,10200100092,0.1548,0.2588,0.0452,4701145,2,4.0,2,0,1,1,0,489
491,1992,0,SINGLE,Y,0,10200100051,0.1548,0.2588,0.0452,2542931,3,2.0,3,0,1,1,0,490
492,1982,0,SINGLE,Y,0,10200100109,0.16,0.2351,0.0498,3116925,1,3.0,2,0,1,1,0,491
493,1973,0,SINGLE,Y,0,10200100109,0.16,0.2351,0.0498,3711144,1,3.0,2,0,1,1,0,492
494,1970,0,SINGLE,Y,0,10200100092,0.16,0.2351,0.0498,4583356,2,4.0,1,0,1,1,0,493
495,1977,0,SINGLE,Y,0,10200100104,0.16,0.2351,0.0498,2032441,4,2.0,2,0,1,1,0,494
496,1983,0,SINGLE,Y,0,10200100104,0.0309,0.2546,0.0357,1688920,4,1.0,2,0,1,1,0,495
497,1991,0,SINGLE,Y,0,10200100109,0.0309,0.2546,0.0357,4663554,1,4.0,3,0,1,1,0,496
498,1991,0,MARRIED,N,0,10200100092,0.1872,0.1147,0.0106,5428945,2,,3,0,0,0,0,497
499,1966,1,MARRIED,N,0,10200100084,0.1872,0.1147,0.0106,4392235,0,4.0,1,1,0,0,0,498
500,1982,1,MARRIED,N,0,10200100104,-0.0109,0.126,0.0334,1384243,4,1.0,2,1,0,0,0,499
501,1984,0,MARRIED,N,0,10200100051,-0.0109,0.126,0.0334,2934765,3,2.0,2,0,0,0,0,500
502,1981,0,MARRIED,N,0,10200100104,-0.0109,0.126,0.0334,1342155,4,1.0,2,0,0,0,0,501
503,1965,0,MARRIED,N,0,10200100084,-0.0109,0.126,0.0334,1007567,0,1.0,1,0,0,0,0,502
504,1997,0,SINGLE,Y,0,10200100104,-0.033,0.1334,0.0123,4128847,4,4.0,3,0,1,1,0,503
505,1977,1,SINGLE,Y,0,10200100109,-0.033,0.1334,0.0123,5380268,1,,2,1,1,1,0,504
506,1974,1,SINGLE,N,0,10200100084,0.0501,0.1634,0.0341,5059157,0,,2,1,1,0,0,505
507,1985,0,SINGLE,N,0,10200100092,0.0501,0.1634,0.0341,4631293,2,4.0,2,0,1,0,0,506
508,1964,0,MARRIED,Y,0,10200100109,-0.0462,0.2793,0.0051,3272066,1,3.0,1,0,0,1,0,507
509,1992,0,MARRIED,Y,0,10200100092,-0.0462,0.2793,0.0051,2923611,2,2.0,3,0,0,1,0,508
510,1997,0,MARRIED,Y,0,10200100084,-0.0108,0.1719,0.0072,4584937,0,4.0,3,0,0,1,0,509
511,2001,0,MARRIED,Y,0,10200100092,-0.0108,0.1719,0.0072,4929206,2,4.0,3,0,0,1,0,510
512,1967,0,MARRIED,Y,0,10200100104,-0.0108,0.1719,0.0072,4159750,4,4.0,1,0,0,1,0,511
513,2002,0,MARRIED,Y,0,10200100084,0.1865,0.1125,0.0313,2700680,0,2.0,3,0,0,1,0,512
514,1999,1,MARRIED,Y,0,10200100109,0.1865,0.1125,0.0313,2117482,1,2.0,3,1,0,1,0,513
515,1989,1,MARRIED,Y,0,10200100084,0.1865,0.1125,0.0313,1293390,0,1.0,2,1,0,1,0,514
516,2003,1,MARRIED,Y,0,10200100051,0.1499,0.1826,0.0171,3388871,3,3.0,3,1,0,1,0,515
517,1966,1,MARRIED,Y,0,10200100051,0.1499,0.1826,0.0171,4166692,3,4.0,1,1,0,1,0,516
518,1985,1,MARRIED,Y,0,10200100109,0.1499,0.1826,0.0171,5423229,1,,2,1,0,1,0,517
519,1989,1,MARRIED,Y,0,10200100051,0.1499,0.1826,0.0171,3502343,3,3.0,2,1,0,1,0,518
520,1992,1,MARRIED,N,0,10200100092,-0.0378,0.1741,0.0479,3504426,2,3.0,3,1,0,0,0,519
521,1981,1,MARRIED,N,0,10200100084,-0.0378,0.1741,0.0479,5218516,0,,2,1,0,0,0,520
522,1995,1,SINGLE,Y,0,10200100109,0.1973,0.2098,0.0386,4795806,1,4.0,3,1,1,1,0,521
523,2004,1,SINGLE,Y,0,10200100104,0.1973,0.2098,0.0386,5185707,4,,3,1,1,1,0,522
524,1989,1,SINGLE,Y,0,10200100109,0.1973,0.2098,0.0386,3256679,1,3.0,2,1,1,1,0,523
525,1972,1,MARRIED,Y,0,10200100084,0.166,0.0584,0.0251,5038993,0,,2,1,0,1,0,524
526,2003,1,MARRIED,Y,0,10200100084,0.166,0.0584,0.0251,1932272,0,1.0,3,1,0,1,0,525
527,1985,1,MARRIED,Y,0,10200100084,0.166,0.0584,0.0251,4294564,0,4.0,2,1,0,1,0,526
528,1986,1,MARRIED,Y,0,10200100104,0.166,0.0584,0.0251,1816506,4,1.0,2,1,0,1,0,527
529,1965,1,SINGLE,N,0,10200100104,-0.0251,0.1747,0.0123,3024441,4,3.0,1,1,1,0,0,528
530,1993,1,SINGLE,N,0,10200100051,-0.0251,0.1747,0.0123,4842887,3,4.0,3,1,1,0,0,529
531,1964,1,SINGLE,N,0,10200100084,-0.0251,0.1747,0.0123,1359962,0,1.0,1,1,1,0,0,530
532,2001,1,MARRIED,Y,0,10200100109,-0.08,0.0518,0.0113,1817171,1,1.0,3,1,0,1,0,531
533,1984,1,MARRIED,Y,0,10200100109,-0.08,0.0518,0.0113,3468173,1,3.0,2,1,0,1,0,532
534,2001,1,MARRIED,Y,0,10200100084,-0.08,0.0518,0.0113,3323227,0,3.0,3,1,0,1,0,533
535,1965,1,SINGLE,N,0,10200100084,0.0474,0.2618,0.0143,4732350,0,4.0,1,1,1,0,0,534
536,1987,0,SINGLE,N,0,10200100092,0.0474,0.2618,0.0143,4665276,2,4.0,2,0,1,0,0,535
537,1983,0,SINGLE,N,0,10200100109,0.0474,0.2618,0.0143,1952698,1,1.0,2,0,1,0,0,536
538,1974,0,MARRIED,Y,0,10200100092,0.0686,0.1599,0.0145,4859226,2,4.0,2,0,0,1,0,537
539,1969,0,MARRIED,Y,0,10200100051,0.0686,0.1599,0.0145,1346774,3,1.0,1,0,0,1,0,538
540,1966,0,MARRIED,Y,0,10200100051,0.0686,0.1599,0.0145,4341544,3,4.0,1,0,0,1,0,539
541,1975,0,MARRIED,Y,0,10200100104,0.0686,0.1599,0.0145,4714604,4,4.0,2,0,0,1,0,540
542,1986,0,SINGLE,Y,0,10200100092,0.1159,0.2631,0.0188,5333238,2,,2,0,1,1,0,541
543,1989,0,SINGLE,Y,0,10200100104,0.1159,0.2631,0.0188,5249906,4,,2,0,1,1,0,542
544,1998,0,SINGLE,Y,0,10200100104,0.1159,0.2631,0.0188,4944546,4,4.0,3,0,1,1,0,543
545,1994,0,MARRIED,N,0,10200100092,0.0491,0.1717,0.0422,2383471,2,2.0,3,0,0,0,0,544
546,1969,0,MARRIED,N,0,10200100051,0.1875,0.1692,0.0026,1766833,3,1.0,1,0,0,0,0,545
547,1978,0,SINGLE,N,0,10200100084,0.0047,0.2796,0.0191,2886495,0,2.0,2,0,1,0,0,546
548,2001,1,SINGLE,N,0,10200100051,0.0047,0.2796,0.0191,4100592,3,4.0,3,1,1,0,0,547
549,2002,1,SINGLE,N,0,10200100092,0.0047,0.2796,0.0191,2295749,2,2.0,3,1,1,0,0,548
550,1981,1,SINGLE,N,0,10200100109,0.1421,0.141,0.0183,3901714,1,3.0,2,1,1,0,0,549
551,1982,0,SINGLE,N,0,10200100109,0.1421,0.141,0.0183,4258470,1,4.0,2,0,1,0,0,550
552,1970,0,SINGLE,N,0,10200100092,0.1421,0.141,0.0183,5218434,2,,1,0,1,0,0,551
553,1964,0,SINGLE,N,0,10200100084,0.1421,0.141,0.0183,3360324,0,3.0,1,0,1,0,0,552
554,2003,0,MARRIED,Y,0,10200100109,-0.0822,0.1012,0.0478,1262379,1,1.0,3,0,0,1,0,553
555,1984,1,MARRIED,Y,0,10200100084,-0.0822,0.1012,0.0478,1175151,0,1.0,2,1,0,1,0,554
556,1990,1,SINGLE,Y,0,10200100104,-0.0949,0.2961,0.0044,1258196,4,1.0,2,1,1,1,0,555
557,1987,1,SINGLE,Y,0,10200100092,-0.0949,0.2961,0.0044,1775445,2,1.0,2,1,1,1,0,556
558,2003,1,SINGLE,Y,0,10200100109,-0.0949,0.2961,0.0044,4381942,1,4.0,3,1,1,1,0,557
559,1973,1,MARRIED,Y,0,10200100104,0.0962,0.2196,0.0284,3188861,4,3.0,2,1,0,1,0,558
560,1997,0,MARRIED,Y,0,10200100092,-0.0914,0.2763,0.0409,3436951,2,3.0,3,0,0,1,0,559
561,1984,1,MARRIED,Y,0,10200100104,-0.0914,0.2763,0.0409,1484449,4,1.0,2,1,0,1,0,560
562,1970,1,SINGLE,Y,0,10200100109,0.127,0.2505,0.0133,2958659,1,2.0,1,1,1,1,0,561
563,1967,0,SINGLE,Y,0,10200100104,0.127,0.2505,0.0133,3312508,4,3.0,1,0,1,1,0,562
564,1997,0,SINGLE,Y,0,10200100084,0.127,0.2505,0.0133,3713780,0,3.0,3,0,1,1,0,563
565,1970,0,MARRIED,N,0,10200100084,0.1397,0.0998,0.0253,1592054,0,1.0,1,0,0,0,0,564
566,1991,1,MARRIED,N,0,10200100084,0.1397,0.0998,0.0253,4090713,0,4.0,3,1,0,0,0,565
567,1999,1,SINGLE,N,0,10200100104,0.1758,0.1804,0.0014,4725510,4,4.0,3,1,1,0,0,566
568,1982,1,MARRIED,Y,0,10200100104,0.08800000000000001,0.1672,0.024,4642266,4,4.0,2,1,0,1,0,567
569,1985,0,MARRIED,Y,0,10200100104,0.08800000000000001,0.1672,0.024,1184936,4,1.0,2,0,0,1,0,568
570,1976,0,SINGLE,N,0,10200100109,-0.0776,0.1302,0.0416,4019327,1,4.0,2,0,1,0,0,569
571,1997,1,SINGLE,N,0,10200100084,0.1928,0.1195,0.0446,4980242,0,4.0,3,1,1,0,0,570
572,1994,0,SINGLE,N,0,10200100109,0.1928,0.1195,0.0446,5038507,1,,3,0,1,0,0,571
573,1998,0,MARRIED,N,0,10200100051,0.1354,0.1038,0.0119,1025996,3,1.0,3,0,0,0,0,572
574,2004,0,MARRIED,N,0,10200100051,0.1354,0.1038,0.0119,1961466,3,1.0,3,0,0,0,0,573
575,1978,0,MARRIED,N,0,10200100104,0.0151,0.1466,0.0265,3371349,4,3.0,2,0,0,0,0,574
576,1999,1,MARRIED,N,0,10200100104,0.0151,0.1466,0.0265,5125216,4,,3,1,0,0,0,575
577,1986,1,MARRIED,N,0,10200100051,0.0696,0.2229,0.0119,3225755,3,3.0,2,1,0,0,0,576
578,2006,1,MARRIED,N,0,10200100084,0.1115,0.077,0.0333,5202315,0,,3,1,0,0,0,577
579,1995,0,MARRIED,N,0,10200100109,0.0193,0.2448,0.0359,5484474,1,,3,0,0,0,0,578
580,1983,0,MARRIED,N,0,10200100084,0.0193,0.2448,0.0359,4193631,0,4.0,2,0,0,0,0,579
581,2006,0,MARRIED,N,0,10200100084,0.0193,0.2448,0.0359,1240507,0,1.0,3,0,0,0,0,580
582,1967,0,SINGLE,Y,0,10200100104,0.0637,0.1012,0.0244,5026311,4,,1,0,1,1,0,581
583,1979,0,SINGLE,Y,0,10200100104,0.0637,0.1012,0.0244,1338732,4,1.0,2,0,1,1,0,582
584,1986,0,SINGLE,Y,0,10200100051,0.07200000000000001,0.2937,0.0025,3513051,3,3.0,2,0,1,1,0,583
585,1995,1,SINGLE,N,0,10200100084,0.0119,0.0945,0.0165,2429593,0,2.0,3,1,1,0,0,584
586,1970,0,SINGLE,N,0,10200100104,0.0119,0.0945,0.0165,4026437,4,4.0,1,0,1,0,0,585
587,2005,0,MARRIED,Y,0,10200100092,0.032,0.2445,0.0138,3206602,2,3.0,3,0,0,1,0,586
588,2004,1,MARRIED,N,0,10200100104,0.1343,0.1028,0.0489,1441289,4,1.0,3,1,0,0,0,587
589,1997,0,MARRIED,N,0,10200100084,0.1343,0.1028,0.0489,4278995,0,4.0,3,0,0,0,0,588
590,1997,0,SINGLE,N,0,10200100051,-0.032,0.1305,0.0313,4925363,3,4.0,3,0,1,0,0,589
591,2004,0,SINGLE,N,0,10200100084,-0.032,0.1305,0.0313,4493590,0,4.0,3,0,1,0,0,590
592,1977,0,SINGLE,N,0,10200100109,-0.032,0.1305,0.0313,1415472,1,1.0,2,0,1,0,0,591
593,1969,0,MARRIED,N,0,10200100092,0.1662,0.124,0.0054,2003001,2,2.0,1,0,0,0,0,592
594,1984,1,MARRIED,N,0,10200100109,0.1662,0.124,0.0054,1399599,1,1.0,2,1,0,0,0,593
595,2006,1,SINGLE,N,0,10200100092,0.042,0.0823,0.0296,1306919,2,1.0,3,1,1,0,0,594
596,1984,0,SINGLE,N,0,10200100084,0.042,0.0823,0.0296,2237577,0,2.0,2,0,1,0,0,595
597,1979,0,SINGLE,Y,0,10200100109,0.0557,0.1114,0.0058,2933479,1,2.0,2,0,1,1,0,596
598,1987,1,SINGLE,Y,0,10200100051,0.0557,0.1114,0.0058,1784808,3,1.0,2,1,1,1,0,597
599,1993,1,MARRIED,N,0,10200100104,0.0392,0.2582,0.0433,1339404,4,1.0,3,1,0,0,0,598
600,1997,0,MARRIED,N,0,10200100051,0.0392,0.2582,0.0433,1141753,3,1.0,3,0,0,0,0,599
601,2004,0,MARRIED,N,0,10200100084,0.0392,0.2582,0.0433,2787418,0,2.0,3,0,0,0,0,600
602,2005,0,MARRIED,N,0,10200100051,0.0392,0.2582,0.0433,1756606,3,1.0,3,0,0,0,0,601
603,2002,0,MARRIED,Y,0,10200100109,0.0638,0.0753,0.025,5036503,1,,3,0,0,1,0,602
604,1984,0,MARRIED,Y,0,10200100109,0.0638,0.0753,0.025,3096039,1,3.0,2,0,0,1,0,603
605,2006,0,SINGLE,N,0,10200100104,0.1814,0.2795,0.033,3887322,4,3.0,3,0,1,0,0,604
606,1985,1,SINGLE,N,0,10200100104,0.1814,0.2795,0.033,3784215,4,3.0,2,1,1,0,0,605
607,1977,1,SINGLE,N,0,10200100092,0.1814,0.2795,0.033,2638668,2,2.0,2,1,1,0,0,606
608,1986,1,SINGLE,N,0,10200100104,0.1814,0.2795,0.033,1460961,4,1.0,2,1,1,0,0,607
609,1994,1,MARRIED,Y,0,10200100092,0.1484,0.1563,0.0057,1695662,2,1.0,3,1,0,1,0,608
610,1977,0,MARRIED,N,0,10200100092,-0.0426,0.1522,0.0158,2380640,2,2.0,2,0,0,0,0,609
611,2002,1,MARRIED,N,0,10200100109,-0.0426,0.1522,0.0158,1261881,1,1.0,3,1,0,0,0,610
612,1998,1,MARRIED,N,0,10200100092,-0.0426,0.1522,0.0158,3836529,2,3.0,3,1,0,0,0,611
613,1964,1,MARRIED,Y,0,10200100104,0.0439,0.0668,0.0339,4153859,4,4.0,1,1,0,1,0,612
614,1972,0,MARRIED,Y,0,10200100084,0.0439,0.0668,0.0339,4466220,0,4.0,2,0,0,1,0,613
615,1973,0,SINGLE,Y,0,10200100109,-0.0104,0.1835,0.0058,3383658,1,3.0,2,0,1,1,0,614
616,1991,1,SINGLE,N,0,10200100109,0.0664,0.1006,0.002,3792220,1,3.0,3,1,1,0,0,615
617,1974,1,SINGLE,N,0,10200100104,0.0664,0.1006,0.002,4595983,4,4.0,2,1,1,0,0,616
618,1996,1,SINGLE,N,0,10200100109,0.0664,0.1006,0.002,1056001,1,1.0,3,1,1,0,0,617
619,2004,1,SINGLE,N,0,10200100092,0.0664,0.1006,0.002,5119220,2,,3,1,1,0,0,618
620,1981,1,SINGLE,N,0,10200100104,-0.0661,0.0736,0.0097,5430669,4,,2,1,1,0,0,619
621,1972,0,SINGLE,N,0,10200100109,-0.0661,0.0736,0.0097,2113793,1,2.0,2,0,1,0,0,620
622,1968,0,SINGLE,N,0,10200100051,-0.0661,0.0736,0.0097,3809168,3,3.0,1,0,1,0,0,621
623,1968,0,SINGLE,N,0,10200100104,-0.0661,0.0736,0.0097,1050329,4,1.0,1,0,1,0,0,622
624,1969,0,SINGLE,N,0,10200100104,0.1076,0.1359,0.0421,1950355,4,1.0,1,0,1,0,0,623
625,1970,1,SINGLE,N,0,10200100051,0.1076,0.1359,0.0421,1159982,3,1.0,1,1,1,0,0,624
626,1985,1,MARRIED,N,0,10200100084,-0.0758,0.0765,0.0288,2745828,0,2.0,2,1,0,0,0,625
627,2006,1,MARRIED,Y,0,10200100109,0.0247,0.2104,0.0475,3440075,1,3.0,3,1,0,1,0,626
628,1966,0,MARRIED,Y,0,10200100109,0.0247,0.2104,0.0475,5093932,1,,1,0,0,1,0,627
629,1992,0,MARRIED,Y,0,10200100084,0.0247,0.2104,0.0475,1535440,0,1.0,3,0,0,1,0,628
630,2005,0,MARRIED,Y,0,10200100104,0.0247,0.2104,0.0475,1943493,4,1.0,3,0,0,1,0,629
631,2000,0,SINGLE,N,0,10200100104,0.0998,0.1246,0.0187,1621374,4,1.0,3,0,1,0,0,630
632,1990,0,SINGLE,N,0,10200100104,0.0998,0.1246,0.0187,1980770,4,1.0,2,0,1,0,0,631
633,1973,0,MARRIED,Y,0,10200100092,0.1983,0.1563,0.0024,2380682,2,2.0,2,0,0,1,0,632
634,2002,1,MARRIED,Y,0,10200100084,0.1983,0.1563,0.0024,4771223,0,4.0,3,1,0,1,0,633
635,1992,1,MARRIED,Y,0,10200100084,0.1983,0.1563,0.0024,1681931,0,1.0,3,1,0,1,0,634
636,1998,1,MARRIED,Y,0,10200100104,0.1983,0.1563,0.0024,5109389,4,,3,1,0,1,0,635
637,1990,1,SINGLE,N,0,10200100109,-0.0542,0.1745,0.0326,1109141,1,1.0,2,1,1,0,0,636
638,1994,1,SINGLE,N,0,10200100104,-0.0542,0.1745,0.0326,5393557,4,,3,1,1,0,0,637
639,1971,1,SINGLE,N,0,10200100104,-0.0542,0.1745,0.0326,5024542,4,,2,1,1,0,0,638
640,1964,1,SINGLE,N,0,10200100051,-0.0542,0.1745,0.0326,4320497,3,4.0,1,1,1,0,0,639
641,1996,1,SINGLE,Y,0,10200100051,-0.0711,0.1081,0.0312,2882505,3,2.0,3,1,1,1,0,640
642,1997,0,SINGLE,Y,0,10200100109,-0.0711,0.1081,0.0312,4036623,1,4.0,3,0,1,1,0,641
643,1974,0,SINGLE,Y,0,10200100104,-0.0711,0.1081,0.0312,4769503,4,4.0,2,0,1,1,0,642
644,1977,0,SINGLE,N,0,10200100084,0.1682,0.2858,0.0424,2769438,0,2.0,2,0,1,0,0,643
645,1990,0,SINGLE,N,0,10200100084,0.1682,0.2858,0.0424,1596255,0,1.0,2,0,1,0,0,644
646,1977,0,SINGLE,Y,0,10200100109,0.0659,0.1106,0.0242,5398667,1,,2,0,1,1,0,645
647,1990,0,SINGLE,N,0,10200100109,0.1151,0.2757,0.0313,2038728,1,2.0,2,0,1,0,0,646
648,1965,1,SINGLE,N,0,10200100109,0.1151,0.2757,0.0313,1157383,1,1.0,1,1,1,0,0,647
649,1987,1,SINGLE,N,0,10200100104,0.1151,0.2757,0.0313,1797964,4,1.0,2,1,1,0,0,648
650,1977,1,SINGLE,N,0,10200100084,0.044000000000000004,0.0728,0.0315,2087297,0,2.0,2,1,1,0,0,649
651,2000,1,SINGLE,N,0,10200100109,0.044000000000000004,0.0728,0.0315,2211027,1,2.0,3,1,1,0,0,650
652,1994,1,SINGLE,N,0,10200100084,0.044000000000000004,0.0728,0.0315,4888682,0,4.0,3,1,1,0,0,651
653,1992,1,SINGLE,N,0,10200100092,0.044000000000000004,0.0728,0.0315,2704349,2,2.0,3,1,1,0,0,652
654,1978,1,MARRIED,Y,0,10200100109,0.1563,0.2371,0.0493,4277168,1,4.0,2,1,0,1,0,653
655,1978,0,MARRIED,Y,0,10200100109,-0.0066,0.2816,0.0256,3903335,1,3.0,2,0,0,1,0,654
656,1988,1,MARRIED,Y,0,10200100084,-0.0066,0.2816,0.0256,3535905,0,3.0,2,1,0,1,0,655
657,1987,1,MARRIED,Y,0,10200100051,-0.0066,0.2816,0.0256,5285190,3,,2,1,0,1,0,656
658,1978,1,MARRIED,Y,0,10200100051,-0.0066,0.2816,0.0256,3256680,3,3.0,2,1,0,1,0,657
659,1993,1,MARRIED,Y,0,10200100104,0.151,0.1568,0.0467,2718524,4,2.0,3,1,0,1,0,658
660,2006,1,MARRIED,N,0,10200100092,0.0357,0.1184,0.0497,1942999,2,1.0,3,1,0,0,0,659
661,1970,0,MARRIED,N,0,10200100109,0.0357,0.1184,0.0497,3990112,1,3.0,1,0,0,0,0,660
662,2002,0,MARRIED,N,0,10200100104,0.0357,0.1184,0.0497,4743482,4,4.0,3,0,0,0,0,661
663,1990,0,MARRIED,N,0,10200100051,0.0357,0.1184,0.0497,4337660,3,4.0,2,0,0,0,0,662
664,1978,0,MARRIED,N,0,10200100084,0.0385,0.0654,0.0443,3996251,0,3.0,2,0,0,0,0,663
665,1992,0,MARRIED,Y,0,10200100084,0.0805,0.2288,0.0363,3116562,0,3.0,3,0,0,1,0,664
666,1986,0,MARRIED,Y,0,10200100109,0.0805,0.2288,0.0363,4170771,1,4.0,2,0,0,1,0,665
667,2006,0,MARRIED,Y,0,10200100104,0.0805,0.2288,0.0363,1966115,4,1.0,3,0,0,1,0,666
668,1988,0,MARRIED,Y,0,10200100051,-0.0936,0.1545,0.0268,3802488,3,3.0,2,0,0,1,0,667
669,1977,1,MARRIED,Y,0,10200100084,-0.0936,0.1545,0.0268,4489100,0,4.0,2,1,0,1,0,668
670,1964,1,MARRIED,Y,0,10200100104,-0.0936,0.1545,0.0268,4984969,4,4.0,1,1,0,1,0,669
671,2005,1,MARRIED,Y,0,10200100051,0.084,0.1538,0.0448,3108806,3,3.0,3,1,0,1,0,670
672,1973,0,SINGLE,N,0,10200100051,-0.0815,0.0835,0.0478,4791435,3,4.0,2,0,1,0,0,671
673,2004,1,SINGLE,N,0,10200100051,-0.0815,0.0835,0.0478,3440756,3,3.0,3,1,1,0,0,672
674,1979,1,SINGLE,N,0,10200100104,-0.0815,0.0835,0.0478,3123088,4,3.0,2,1,1,0,0,673
675,2005,1,MARRIED,Y,0,10200100092,0.0346,0.2705,0.0418,3307706,2,3.0,3,1,0,1,0,674
676,1967,0,SINGLE,N,0,10200100051,0.0476,0.2061,0.0382,2590798,3,2.0,1,0,1,0,0,675
677,1986,0,SINGLE,N,0,10200100051,0.0476,0.2061,0.0382,1076978,3,1.0,2,0,1,0,0,676
678,1988,0,SINGLE,N,0,10200100104,0.0476,0.2061,0.0382,4105452,4,4.0,2,0,1,0,0,677
679,1999,0,SINGLE,N,0,10200100104,0.0476,0.2061,0.0382,2565747,4,2.0,3,0,1,0,0,678
680,1981,0,SINGLE,N,0,10200100104,-0.0187,0.1193,0.0099,2365327,4,2.0,2,0,1,0,0,679
681,1980,1,SINGLE,N,0,10200100051,-0.0187,0.1193,0.0099,1994832,3,1.0,2,1,1,0,0,680
682,1990,1,SINGLE,N,0,10200100051,-0.0187,0.1193,0.0099,5346474,3,,2,1,1,0,0,681
683,1972,1,SINGLE,N,0,10200100084,-0.0187,0.1193,0.0099,4821451,0,4.0,2,1,1,0,0,682
684,1996,1,MARRIED,N,0,10200100104,0.0929,0.129,0.0357,2660120,4,2.0,3,1,0,0,0,683
685,1972,1,SINGLE,Y,0,10200100104,-0.0918,0.1107,0.0406,1563246,4,1.0,2,1,1,1,0,684
686,2006,0,SINGLE,Y,0,10200100109,-0.0754,0.2661,0.0441,1229030,1,1.0,3,0,1,1,0,685
687,2004,0,SINGLE,Y,0,10200100084,-0.0754,0.2661,0.0441,5010930,0,,3,0,1,1,0,686
688,1993,0,SINGLE,Y,0,10200100084,-0.0754,0.2661,0.0441,2333463,0,2.0,3,0,1,1,0,687
689,1980,0,SINGLE,Y,0,10200100051,-0.0778,0.1681,0.0339,5204778,3,,2,0,1,1,0,688
690,2003,0,SINGLE,Y,0,10200100104,-0.0778,0.1681,0.0339,3522278,4,3.0,3,0,1,1,0,689
691,1990,0,SINGLE,N,0,10200100109,0.13,0.157,0.0096,4910694,1,4.0,2,0,1,0,0,690
692,1985,0,SINGLE,N,0,10200100104,0.13,0.157,0.0096,2295276,4,2.0,2,0,1,0,0,691
693,1992,0,SINGLE,N,0,10200100084,0.13,0.157,0.0096,4544686,0,4.0,3,0,1,0,0,692
694,1996,0,SINGLE,N,0,10200100104,0.13,0.157,0.0096,3766267,4,3.0,3,0,1,0,0,693
695,2000,0,SINGLE,Y,0,10200100051,0.0971,0.0519,0.0361,3139950,3,3.0,3,0,1,1,0,694
696,2003,0,SINGLE,Y,0,10200100051,0.1293,0.2532,0.0481,5449969,3,,3,0,1,1,0,695
697,1987,0,SINGLE,Y,0,10200100084,0.1293,0.2532,0.0481,2686556,0,2.0,2,0,1,1,0,696
698,1996,0,SINGLE,Y,0,10200100084,0.1293,0.2532,0.0481,5179287,0,,3,0,1,1,0,697
699,1967,0,SINGLE,Y,0,10200100109,0.1293,0.2532,0.0481,2613372,1,2.0,1,0,1,1,0,698
700,1993,0,MARRIED,N,0,10200100109,-0.0957,0.1894,0.0057,2633851,1,2.0,3,0,0,0,0,699
701,1992,0,MARRIED,N,0,10200100092,-0.0957,0.1894,0.0057,3729292,2,3.0,3,0,0,0,0,700
702,2003,0,MARRIED,N,0,10200100109,-0.0957,0.1894,0.0057,2476916,1,2.0,3,0,0,0,0,701
703,1996,0,MARRIED,N,0,10200100092,-0.0957,0.1894,0.0057,2544015,2,2.0,3,0,0,0,0,702
704,1995,0,SINGLE,N,0,10200100092,0.1496,0.2593,0.0011,4074835,2,4.0,3,0,1,0,0,703
705,2005,1,SINGLE,N,0,10200100092,0.1496,0.2593,0.0011,1452066,2,1.0,3,1,1,0,0,704
706,1964,1,MARRIED,N,0,10200100084,0.1429,0.1485,0.021,1968574,0,1.0,1,1,0,0,0,705
707,1976,0,MARRIED,N,0,10200100104,0.1429,0.1485,0.021,2352577,4,2.0,2,0,0,0,0,706
708,2005,0,SINGLE,N,0,10200100084,0.0883,0.2413,0.0266,4174140,0,4.0,3,0,1,0,0,707
709,1995,0,SINGLE,N,0,10200100104,0.0883,0.2413,0.0266,2305473,4,2.0,3,0,1,0,0,708
710,1966,0,SINGLE,N,0,10200100104,0.0883,0.2413,0.0266,2218486,4,2.0,1,0,1,0,0,709
711,1978,0,MARRIED,N,0,10200100051,-0.076,0.273,0.0411,1339141,3,1.0,2,0,0,0,0,710
712,1981,0,MARRIED,Y,0,10200100092,0.1647,0.2299,0.0334,3524368,2,3.0,2,0,0,1,0,711
713,1974,0,MARRIED,Y,0,10200100109,0.1647,0.2299,0.0334,1093471,1,1.0,2,0,0,1,0,712
714,1999,0,SINGLE,Y,0,10200100051,0.0359,0.0935,0.0346,2032626,3,2.0,3,0,1,1,0,713
715,1994,1,SINGLE,N,0,10200100092,0.1152,0.0734,0.0201,4336145,2,4.0,3,1,1,0,0,714
716,1965,0,SINGLE,N,0,10200100104,0.1152,0.0734,0.0201,2089690,4,2.0,1,0,1,0,0,715
717,1974,0,SINGLE,N,0,10200100104,0.1152,0.0734,0.0201,3474954,4,3.0,2,0,1,0,0,716
718,1984,0,SINGLE,N,0,10200100104,0.1152,0.0734,0.0201,1245176,4,1.0,2,0,1,0,0,717
719,2003,0,SINGLE,Y,0,10200100109,-0.0001,0.0889,0.0181,2569607,1,2.0,3,0,1,1,0,718
720,2002,0,SINGLE,Y,0,10200100092,-0.0001,0.0889,0.0181,1170026,2,1.0,3,0,1,1,0,719
721,1993,0,SINGLE,Y,0,10200100109,-0.0001,0.0889,0.0181,3145123,1,3.0,3,0,1,1,0,720
722,1975,0,MARRIED,N,0,10200100104,-0.0828,0.17800000000000002,0.0015,3475513,4,3.0,2,0,0,0,0,721
723,1971,0,SINGLE,N,0,10200100084,0.1367,0.1902,0.0089,3626438,0,3.0,2,0,1,0,0,722
724,2004,1,SINGLE,N,0,10200100092,0.1367,0.1902,0.0089,1448552,2,1.0,3,1,1,0,0,723
725,1979,1,SINGLE,N,0,10200100109,0.1367,0.1902,0.0089,1308016,1,1.0,2,1,1,0,0,724
726,1967,1,MARRIED,Y,0,10200100109,-0.0792,0.1157,0.015,2808922,1,2.0,1,1,0,1,0,725
727,2000,0,MARRIED,Y,0,10200100084,0.1153,0.2656,0.0455,1371834,0,1.0,3,0,0,1,0,726
728,1972,1,MARRIED,Y,0,10200100092,0.1153,0.2656,0.0455,2064517,2,2.0,2,1,0,1,0,727
729,2001,1,MARRIED,Y,0,10200100109,0.1153,0.2656,0.0455,3860565,1,3.0,3,1,0,1,0,728
730,1979,1,MARRIED,Y,0,10200100109,0.1153,0.2656,0.0455,3887554,1,3.0,2,1,0,1,0,729
731,1966,1,SINGLE,N,0,10200100051,-0.0042,0.2678,0.0457,3772835,3,3.0,1,1,1,0,0,730
732,1964,0,SINGLE,N,0,10200100109,-0.0042,0.2678,0.0457,2001949,1,2.0,1,0,1,0,0,731
733,1995,0,SINGLE,N,0,10200100104,0.0424,0.2369,0.0431,3338655,4,3.0,3,0,1,0,0,732
734,1972,1,SINGLE,N,0,10200100092,0.0734,0.1453,0.0387,5218606,2,,2,1,1,0,0,733
735,1988,0,SINGLE,N,0,10200100092,0.0194,0.1607,0.0247,2214081,2,2.0,2,0,1,0,0,734
736,2004,1,MARRIED,Y,0,10200100084,-0.0605,0.1901,0.0073,3096778,0,3.0,3,1,0,1,0,735
737,1989,0,MARRIED,Y,0,10200100051,-0.0605,0.1901,0.0073,2771480,3,2.0,2,0,0,1,0,736
738,1998,0,MARRIED,Y,0,10200100084,0.0143,0.1334,0.0353,3120429,0,3.0,3,0,0,1,0,737
739,1966,0,SINGLE,Y,0,10200100104,0.1657,0.2371,0.0141,4548707,4,4.0,1,0,1,1,0,738
740,1996,0,SINGLE,Y,0,10200100051,0.1657,0.2371,0.0141,5464054,3,,3,0,1,1,0,739
741,1983,0,SINGLE,Y,0,10200100051,0.1657,0.2371,0.0141,5337252,3,,2,0,1,1,0,740
742,1998,0,SINGLE,N,0,10200100104,0.106,0.1865,0.0351,4458224,4,4.0,3,0,1,0,0,741
743,1980,0,MARRIED,N,0,10200100092,0.0806,0.2711,0.044000000000000004,1095917,2,1.0,2,0,0,0,0,742
744,1965,0,MARRIED,N,0,10200100051,0.0806,0.2711,0.044000000000000004,2081615,3,2.0,1,0,0,0,0,743
745,1984,0,MARRIED,Y,0,10200100092,0.1299,0.2558,0.0497,1232406,2,1.0,2,0,0,1,0,744
746,1996,1,MARRIED,Y,0,10200100084,0.1299,0.2558,0.0497,3429784,0,3.0,3,1,0,1,0,745
747,1996,1,MARRIED,N,0,10200100109,0.0417,0.1252,0.0101,4623309,1,4.0,3,1,0,0,0,746
748,1996,1,SINGLE,N,0,10200100104,0.1499,0.1748,0.0181,1306754,4,1.0,3,1,1,0,0,747
749,1968,0,SINGLE,N,0,10200100092,0.1499,0.1748,0.0181,4461418,2,4.0,1,0,1,0,0,748
750,2003,0,SINGLE,N,0,10200100051,0.1499,0.1748,0.0181,4054882,3,4.0,3,0,1,0,0,749
751,2000,0,SINGLE,N,0,10200100092,0.1499,0.1748,0.0181,1067663,2,1.0,3,0,1,0,0,750
752,1998,0,MARRIED,Y,0,10200100051,-0.0942,0.0922,0.0265,5367160,3,,3,0,0,1,0,751
753,1999,1,SINGLE,N,0,10200100109,-0.0784,0.1367,0.044000000000000004,5414107,1,,3,1,1,0,0,752
754,1979,1,SINGLE,N,0,10200100084,-0.0784,0.1367,0.044000000000000004,2105976,0,2.0,2,1,1,0,0,753
755,1972,1,SINGLE,N,0,10200100109,-0.0784,0.1367,0.044000000000000004,1139882,1,1.0,2,1,1,0,0,754
756,1998,1,SINGLE,N,0,10200100084,-0.0784,0.1367,0.044000000000000004,2361109,0,2.0,3,1,1,0,0,755
757,1980,1,MARRIED,N,0,10200100104,0.0213,0.293,0.0365,4064133,4,4.0,2,1,0,0,0,756
758,2006,0,MARRIED,N,0,10200100051,0.0213,0.293,0.0365,4697001,3,4.0,3,0,0,0,0,757
759,1971,0,MARRIED,N,0,10200100104,0.0213,0.293,0.0365,3840727,4,3.0,2,0,0,0,0,758
760,1996,0,MARRIED,N,0,10200100084,0.0213,0.293,0.0365,4401560,0,4.0,3,0,0,0,0,759
761,1975,0,SINGLE,N,0,10200100109,0.1268,0.2218,0.0135,4846121,1,4.0,2,0,1,0,0,760
762,1994,1,SINGLE,N,0,10200100109,0.1268,0.2218,0.0135,5492983,1,,3,1,1,0,0,761
763,2006,1,MARRIED,N,0,10200100084,0.1874,0.2903,0.0145,3258467,0,3.0,3,1,0,0,0,762
764,1997,1,MARRIED,N,0,10200100109,0.1874,0.2903,0.0145,1963588,1,1.0,3,1,0,0,0,763
765,1993,1,MARRIED,N,0,10200100051,0.1814,0.1414,0.0309,4758564,3,4.0,3,1,0,0,0,764
766,1992,1,MARRIED,N,0,10200100109,0.1814,0.1414,0.0309,1357093,1,1.0,3,1,0,0,0,765
767,1966,1,MARRIED,N,0,10200100104,0.1814,0.1414,0.0309,2022459,4,2.0,1,1,0,0,0,766
768,1998,1,SINGLE,N,0,10200100104,-0.0506,0.22,0.0398,2130469,4,2.0,3,1,1,0,0,767
769,1972,0,SINGLE,N,0,10200100092,-0.0506,0.22,0.0398,3392966,2,3.0,2,0,1,0,0,768
770,1972,0,SINGLE,N,0,10200100109,0.0942,0.1739,0.043,2256723,1,2.0,2,0,1,0,0,769
771,1981,0,SINGLE,Y,0,10200100051,-0.0819,0.0881,0.0438,2883216,3,2.0,2,0,1,1,0,770
772,1994,1,SINGLE,Y,0,10200100051,-0.0819,0.0881,0.0438,1577353,3,1.0,3,1,1,1,0,771
773,1979,1,SINGLE,Y,0,10200100104,-0.0819,0.0881,0.0438,5013700,4,,2,1,1,1,0,772
774,2003,1,SINGLE,Y,0,10200100104,0.1161,0.1126,0.0486,2821664,4,2.0,3,1,1,1,0,773
775,1973,1,SINGLE,Y,0,10200100092,0.1161,0.1126,0.0486,1636719,2,1.0,2,1,1,1,0,774
776,1964,1,SINGLE,N,0,10200100109,0.125,0.1523,0.0205,4501659,1,4.0,1,1,1,0,0,775
777,1994,1,SINGLE,N,0,10200100084,0.125,0.1523,0.0205,1804029,0,1.0,3,1,1,0,0,776
778,2004,1,SINGLE,N,0,10200100104,0.125,0.1523,0.0205,5341391,4,,3,1,1,0,0,777
779,1995,1,SINGLE,N,0,10200100104,0.1104,0.177,0.0104,1478197,4,1.0,3,1,1,0,0,778
780,1990,1,SINGLE,N,0,10200100109,0.1104,0.177,0.0104,5023396,1,,2,1,1,0,0,779
781,1990,1,SINGLE,N,0,10200100109,0.1104,0.177,0.0104,4238964,1,4.0,2,1,1,0,0,780
782,1982,1,SINGLE,N,0,10200100109,0.1104,0.177,0.0104,4269510,1,4.0,2,1,1,0,0,781
783,2001,1,SINGLE,Y,0,10200100092,-0.0774,0.1898,0.0249,3481050,2,3.0,3,1,1,1,0,782
784,1967,1,SINGLE,Y,0,10200100109,-0.0774,0.1898,0.0249,5195157,1,,1,1,1,1,0,783
785,1984,1,SINGLE,Y,0,10200100109,-0.0774,0.1898,0.0249,4032359,1,4.0,2,1,1,1,0,784
786,1966,1,SINGLE,Y,0,10200100051,0.0834,0.1763,0.0082,4772721,3,4.0,1,1,1,1,0,785
787,1980,0,SINGLE,Y,0,10200100109,0.0834,0.1763,0.0082,2705006,1,2.0,2,0,1,1,0,786
788,1971,0,SINGLE,Y,0,10200100104,0.0834,0.1763,0.0082,4469223,4,4.0,2,0,1,1,0,787
789,1984,0,SINGLE,N,0,10200100051,-0.0261,0.2134,0.0231,1261685,3,1.0,2,0,1,0,0,788
790,2005,1,SINGLE,N,0,10200100109,-0.0261,0.2134,0.0231,1663483,1,1.0,3,1,1,0,0,789
791,1974,1,SINGLE,N,0,10200100051,-0.0261,0.2134,0.0231,4333932,3,4.0,2,1,1,0,0,790
792,1966,1,SINGLE,N,0,10200100051,-0.0261,0.2134,0.0231,4634998,3,4.0,1,1,1,0,0,791
793,1979,1,MARRIED,N,0,10200100104,0.0234,0.2718,0.013999999999999999,1640992,4,1.0,2,1,0,0,0,792
794,1996,1,MARRIED,N,0,10200100092,0.0234,0.2718,0.013999999999999999,1537021,2,1.0,3,1,0,0,0,793
795,1978,1,MARRIED,N,0,10200100051,0.0234,0.2718,0.013999999999999999,2368071,3,2.0,2,1,0,0,0,794
796,1967,1,MARRIED,N,0,10200100104,0.0234,0.2718,0.013999999999999999,4764849,4,4.0,1,1,0,0,0,795
797,2003,1,MARRIED,N,0,10200100084,0.0811,0.0903,0.0251,3568018,0,3.0,3,1,0,0,0,796
798,1980,1,MARRIED,N,0,10200100104,0.0811,0.0903,0.0251,4492419,4,4.0,2,1,0,0,0,797
799,1985,1,MARRIED,N,0,10200100092,0.0811,0.0903,0.0251,2954845,2,2.0,2,1,0,0,0,798
800,1975,1,MARRIED,N,0,10200100092,0.0009,0.1135,0.0343,4636421,2,4.0,2,1,0,0,0,799
801,2001,1,MARRIED,N,0,10200100104,0.0009,0.1135,0.0343,3610467,4,3.0,3,1,0,0,0,800
802,1992,1,MARRIED,N,0,10200100104,0.0009,0.1135,0.0343,5107405,4,,3,1,0,0,0,801
803,1972,1,MARRIED,Y,0,10200100104,0.0422,0.1627,0.0227,1042462,4,1.0,2,1,0,1,0,802
804,1964,1,MARRIED,N,0,10200100109,0.1422,0.1103,0.0319,2653266,1,2.0,1,1,0,0,0,803
805,1990,0,MARRIED,N,0,10200100109,0.1422,0.1103,0.0319,1189662,1,1.0,2,0,0,0,0,804
806,1970,0,SINGLE,Y,0,10200100109,-0.0219,0.2375,0.0066,4342382,1,4.0,1,0,1,1,0,805
807,1964,0,MARRIED,N,0,10200100084,0.086,0.2542,0.0448,2144257,0,2.0,1,0,0,0,0,806
808,1969,1,MARRIED,N,0,10200100084,0.086,0.2542,0.0448,1136573,0,1.0,1,1,0,0,0,807
809,2002,1,MARRIED,N,0,10200100084,0.086,0.2542,0.0448,3536146,0,3.0,3,1,0,0,0,808
810,1994,1,MARRIED,N,0,10200100104,0.086,0.2542,0.0448,1078111,4,1.0,3,1,0,0,0,809
811,1977,1,SINGLE,N,0,10200100051,-0.0632,0.2503,0.018000000000000002,1346439,3,1.0,2,1,1,0,0,810
812,1976,1,SINGLE,N,0,10200100051,-0.0632,0.2503,0.018000000000000002,3134551,3,3.0,2,1,1,0,0,811
813,1996,1,SINGLE,N,0,10200100051,-0.0632,0.2503,0.018000000000000002,3221348,3,3.0,3,1,1,0,0,812
814,1993,1,SINGLE,N,0,10200100051,-0.0632,0.2503,0.018000000000000002,2566726,3,2.0,3,1,1,0,0,813
815,1971,1,SINGLE,Y,0,10200100092,0.0409,0.0642,0.0134,2695356,2,2.0,2,1,1,1,0,814
816,1982,1,SINGLE,Y,0,10200100084,0.0409,0.0642,0.0134,1404056,0,1.0,2,1,1,1,0,815
817,1967,1,SINGLE,Y,0,10200100084,0.077,0.1864,0.0262,4358043,0,4.0,1,1,1,1,0,816
818,1999,0,SINGLE,Y,0,10200100092,0.077,0.1864,0.0262,1478654,2,1.0,3,0,1,1,0,817
819,1969,0,SINGLE,Y,0,10200100092,0.077,0.1864,0.0262,3387914,2,3.0,1,0,1,1,0,818
820,2002,0,MARRIED,Y,0,10200100092,0.0032,0.1907,0.0174,3887590,2,3.0,3,0,0,1,0,819
821,1965,1,MARRIED,Y,0,10200100051,0.0032,0.1907,0.0174,1866119,3,1.0,1,1,0,1,0,820
822,1982,1,MARRIED,Y,0,10200100104,0.0032,0.1907,0.0174,1370264,4,1.0,2,1,0,1,0,821
823,2002,1,MARRIED,Y,0,10200100109,0.1177,0.2703,0.0496,3150047,1,3.0,3,1,0,1,0,822
824,1978,1,MARRIED,Y,0,10200100092,0.1177,0.2703,0.0496,1517835,2,1.0,2,1,0,1,0,823
825,1995,1,MARRIED,Y,0,10200100092,0.1177,0.2703,0.0496,2288607,2,2.0,3,1,0,1,0,824
826,1982,1,MARRIED,Y,0,10200100104,0.1177,0.2703,0.0496,2694213,4,2.0,2,1,0,1,0,825
827,1986,1,SINGLE,N,0,10200100092,0.0,0.2938,0.0422,4001572,2,4.0,2,1,1,0,0,826
828,1975,0,SINGLE,N,0,10200100092,0.0,0.2938,0.0422,1339286,2,1.0,2,0,1,0,0,827
829,1991,0,SINGLE,Y,0,10200100104,0.1823,0.2801,0.0168,2694912,4,2.0,3,0,1,1,0,828
830,1986,0,SINGLE,Y,0,10200100092,0.1823,0.2801,0.0168,5096526,2,,2,0,1,1,0,829
831,1976,0,SINGLE,Y,0,10200100109,0.1823,0.2801,0.0168,1269217,1,1.0,2,0,1,1,0,830
832,1979,0,SINGLE,Y,0,10200100084,0.1823,0.2801,0.0168,4492037,0,4.0,2,0,1,1,0,831
833,1978,0,SINGLE,N,0,10200100051,0.1907,0.2208,0.0048,1878478,3,1.0,2,0,1,0,0,832
834,2000,1,SINGLE,N,0,10200100092,0.1907,0.2208,0.0048,3405598,2,3.0,3,1,1,0,0,833
835,2002,1,MARRIED,Y,0,10200100109,0.1721,0.0866,0.0286,1262636,1,1.0,3,1,0,1,0,834
836,1987,0,MARRIED,Y,0,10200100051,0.1323,0.0541,0.0259,2998336,3,2.0,2,0,0,1,0,835
837,1996,1,MARRIED,Y,0,10200100092,0.1323,0.0541,0.0259,2250112,2,2.0,3,1,0,1,0,836
838,1977,1,SINGLE,N,0,10200100051,0.14300000000000002,0.2564,0.027000000000000003,3582570,3,3.0,2,1,1,0,0,837
839,1965,0,SINGLE,N,0,10200100109,0.14300000000000002,0.2564,0.027000000000000003,5294718,1,,1,0,1,0,0,838
840,1990,0,SINGLE,N,0,10200100084,0.14300000000000002,0.2564,0.027000000000000003,4515429,0,4.0,2,0,1,0,0,839
841,1966,0,SINGLE,N,0,10200100092,0.14300000000000002,0.2564,0.027000000000000003,3196967,2,3.0,1,0,1,0,0,840
842,2000,0,SINGLE,Y,0,10200100051,-0.024,0.0801,0.0272,5202268,3,,3,0,1,1,0,841
843,1995,0,MARRIED,N,0,10200100104,0.0274,0.27399999999999997,0.0025,2640693,4,2.0,3,0,0,0,0,842
844,1971,1,MARRIED,N,0,10200100109,0.0274,0.27399999999999997,0.0025,2551289,1,2.0,2,1,0,0,0,843
845,1991,1,SINGLE,N,0,10200100092,0.126,0.1206,0.0302,4686709,2,4.0,3,1,1,0,0,844
846,1995,0,SINGLE,N,0,10200100051,0.126,0.1206,0.0302,1647033,3,1.0,3,0,1,0,0,845
847,1988,0,SINGLE,N,0,10200100092,0.126,0.1206,0.0302,2097284,2,2.0,2,0,1,0,0,846
848,1996,0,SINGLE,Y,0,10200100109,0.1262,0.1974,0.0124,3771016,1,3.0,3,0,1,1,0,847
849,1996,0,SINGLE,N,0,10200100051,-0.0004,0.1082,0.0437,4309624,3,4.0,3,0,1,0,0,848
850,1965,0,SINGLE,N,0,10200100092,-0.0004,0.1082,0.0437,1515963,2,1.0,1,0,1,0,0,849
851,1976,0,SINGLE,N,0,10200100109,-0.0004,0.1082,0.0437,2848952,1,2.0,2,0,1,0,0,850
852,1983,0,MARRIED,N,0,10200100092,0.14,0.1884,0.0016,4795600,2,4.0,2,0,0,0,0,851
853,1972,1,MARRIED,Y,0,10200100104,-0.049,0.0518,0.011000000000000001,4850678,4,4.0,2,1,0,1,0,852
854,1997,1,SINGLE,N,0,10200100109,0.1861,0.1687,0.0314,2161151,1,2.0,3,1,1,0,0,853
855,1974,0,SINGLE,N,0,10200100104,0.1861,0.1687,0.0314,3421207,4,3.0,2,0,1,0,0,854
856,2001,0,SINGLE,N,0,10200100109,0.1861,0.1687,0.0314,3315195,1,3.0,3,0,1,0,0,855
857,1966,0,SINGLE,N,0,10200100104,0.1861,0.1687,0.0314,1726051,4,1.0,1,0,1,0,0,856
858,1966,0,SINGLE,N,0,10200100051,0.1786,0.2962,0.0038,1922870,3,1.0,1,0,1,0,0,857
859,2004,0,SINGLE,Y,0,10200100084,0.0412,0.0658,0.0491,4721283,0,4.0,3,0,1,1,0,858
860,1979,1,SINGLE,Y,0,10200100104,0.0412,0.0658,0.0491,5481676,4,,2,1,1,1,0,859
861,2006,1,SINGLE,Y,0,10200100051,-0.0993,0.0984,0.043,1327500,3,1.0,3,1,1,1,0,860
862,1996,1,MARRIED,N,0,10200100084,0.1087,0.0667,0.0361,1473796,0,1.0,3,1,0,0,0,861
863,1966,0,MARRIED,Y,0,10200100092,-0.0143,0.2742,0.0429,2872931,2,2.0,1,0,0,1,0,862
864,2001,0,MARRIED,Y,0,10200100104,-0.0143,0.2742,0.0429,4471887,4,4.0,3,0,0,1,0,863
865,1967,0,MARRIED,Y,0,10200100104,-0.0143,0.2742,0.0429,2667783,4,2.0,1,0,0,1,0,864
866,1979,0,MARRIED,Y,0,10200100084,-0.0143,0.2742,0.0429,4677983,0,4.0,2,0,0,1,0,865
867,1966,0,MARRIED,Y,0,10200100104,-0.0308,0.0892,0.0418,1181283,4,1.0,1,0,0,1,0,866
868,1972,1,MARRIED,Y,0,10200100109,0.1882,0.2859,0.0199,4655243,1,4.0,2,1,0,1,0,867
869,1992,0,MARRIED,Y,0,10200100084,0.1882,0.2859,0.0199,5385552,0,,3,0,0,1,0,868
870,2005,0,MARRIED,Y,0,10200100109,0.1882,0.2859,0.0199,4569729,1,4.0,3,0,0,1,0,869
871,1999,0,MARRIED,Y,0,10200100084,0.1882,0.2859,0.0199,3681535,0,3.0,3,0,0,1,0,870
872,1981,0,SINGLE,N,0,10200100084,0.0289,0.287,0.031,5105105,0,,2,0,1,0,0,871
873,1994,1,SINGLE,N,0,10200100109,0.0289,0.287,0.031,1435648,1,1.0,3,1,1,0,0,872
874,1973,1,SINGLE,N,0,10200100104,0.1014,0.2201,0.038,4950997,4,4.0,2,1,1,0,0,873
875,2002,0,SINGLE,N,0,10200100109,0.1014,0.2201,0.038,5068872,1,,3,0,1,0,0,874
876,1974,0,SINGLE,N,0,10200100092,0.1014,0.2201,0.038,1763452,2,1.0,2,0,1,0,0,875
877,1971,0,MARRIED,N,0,10200100104,0.0767,0.0673,0.0392,1081272,4,1.0,2,0,0,0,0,876
878,1989,1,MARRIED,N,0,10200100084,0.0767,0.0673,0.0392,4082920,0,4.0,2,1,0,0,0,877
879,1968,1,MARRIED,N,0,10200100051,0.0767,0.0673,0.0392,4178358,3,4.0,1,1,0,0,0,878
880,2001,1,MARRIED,N,0,10200100109,0.0693,0.1435,0.0307,3525578,1,3.0,3,1,0,0,0,879
881,2006,1,MARRIED,N,0,10200100092,0.0693,0.1435,0.0307,4445665,2,4.0,3,1,0,0,0,880
882,1999,1,SINGLE,N,0,10200100104,-0.0223,0.2795,0.0122,4624624,4,4.0,3,1,1,0,0,881
883,2002,0,SINGLE,N,0,10200100104,-0.0223,0.2795,0.0122,2687755,4,2.0,3,0,1,0,0,882
884,1969,0,SINGLE,N,0,10200100109,-0.0223,0.2795,0.0122,2430008,1,2.0,1,0,1,0,0,883
885,1976,0,MARRIED,N,0,10200100084,0.0089,0.1964,0.0404,1398048,0,1.0,2,0,0,0,0,884
886,1974,0,MARRIED,N,0,10200100109,0.0089,0.1964,0.0404,3772364,1,3.0,2,0,0,0,0,885
887,1997,0,MARRIED,N,0,10200100109,0.0089,0.1964,0.0404,3567767,1,3.0,3,0,0,0,0,886
888,1986,0,MARRIED,N,0,10200100084,0.0089,0.1964,0.0404,1965867,0,1.0,2,0,0,0,0,887
889,1994,0,MARRIED,Y,0,10200100084,-0.0032,0.257,0.0437,5202817,0,,3,0,0,1,0,888
890,1990,1,MARRIED,Y,0,10200100109,-0.0032,0.257,0.0437,2458428,1,2.0,2,1,0,1,0,889
891,2003,1,MARRIED,Y,0,10200100051,-0.0032,0.257,0.0437,2906574,3,2.0,3,1,0,1,0,890
892,1989,1,SINGLE,N,0,10200100084,0.02,0.1529,0.026000000000000002,3249133,0,3.0,2,1,1,0,0,891
893,2002,0,SINGLE,N,0,10200100104,0.02,0.1529,0.026000000000000002,1047361,4,1.0,3,0,1,0,0,892
894,2000,0,SINGLE,N,0,10200100051,0.02,0.1529,0.026000000000000002,3886995,3,3.0,3,0,1,0,0,893
895,1979,0,SINGLE,N,0,10200100051,0.02,0.1529,0.026000000000000002,2530025,3,2.0,2,0,1,0,0,894
896,1984,0,SINGLE,N,0,10200100084,0.0345,0.2953,0.0139,1919822,0,1.0,2,0,1,0,0,895
897,1987,1,SINGLE,N,0,10200100092,0.0345,0.2953,0.0139,2694129,2,2.0,2,1,1,0,0,896
898,1965,1,SINGLE,N,0,10200100104,0.0345,0.2953,0.0139,2929429,4,2.0,1,1,1,0,0,897
899,1996,1,SINGLE,N,0,10200100084,0.11699999999999999,0.1766,0.0253,3595975,0,3.0,3,1,1,0,0,898
900,1972,1,SINGLE,N,0,10200100109,0.11699999999999999,0.1766,0.0253,5119049,1,,2,1,1,0,0,899
901,1974,1,SINGLE,N,0,10200100051,0.11699999999999999,0.1766,0.0253,2024563,3,2.0,2,1,1,0,0,900
902,1976,1,SINGLE,N,0,10200100084,0.1523,0.1337,0.0252,1462359,0,1.0,2,1,1,0,0,901
903,1968,1,SINGLE,Y,0,10200100051,0.0431,0.0731,0.005,5178646,3,,1,1,1,1,0,902
904,1992,1,SINGLE,Y,0,10200100084,0.0431,0.0731,0.005,1924583,0,1.0,3,1,1,1,0,903
905,1977,1,MARRIED,N,0,10200100092,0.0307,0.1927,0.0034,1951549,2,1.0,2,1,0,0,0,904
906,1969,0,MARRIED,N,0,10200100109,0.0307,0.1927,0.0034,1535937,1,1.0,1,0,0,0,0,905
907,1986,0,MARRIED,N,0,10200100051,0.0307,0.1927,0.0034,1669032,3,1.0,2,0,0,0,0,906
908,1998,0,MARRIED,N,0,10200100104,0.0122,0.2195,0.0491,4555599,4,4.0,3,0,0,0,0,907
909,1973,0,MARRIED,N,0,10200100104,0.0122,0.2195,0.0491,2976626,4,2.0,2,0,0,0,0,908
910,1980,0,MARRIED,N,0,10200100084,0.0122,0.2195,0.0491,3714433,0,3.0,2,0,0,0,0,909
911,1972,0,MARRIED,N,0,10200100109,0.0122,0.2195,0.0491,2679850,1,2.0,2,0,0,0,0,910
912,1978,0,SINGLE,N,0,10200100084,-0.0249,0.1422,0.04,2207411,0,2.0,2,0,1,0,0,911
913,2005,0,SINGLE,N,0,10200100051,-0.0249,0.1422,0.04,3270244,3,3.0,3,0,1,0,0,912
914,1966,0,SINGLE,N,0,10200100104,-0.0249,0.1422,0.04,3663168,4,3.0,1,0,1,0,0,913
915,1983,0,MARRIED,Y,0,10200100092,0.1139,0.0831,0.044000000000000004,1450392,2,1.0,2,0,0,1,0,914
916,2006,1,MARRIED,Y,0,10200100084,0.1139,0.0831,0.044000000000000004,3191644,0,3.0,3,1,0,1,0,915
917,1980,1,MARRIED,Y,0,10200100109,0.1139,0.0831,0.044000000000000004,2000897,1,2.0,2,1,0,1,0,916
918,2003,1,MARRIED,N,0,10200100092,0.0171,0.1618,0.0116,1862578,2,1.0,3,1,0,0,0,917
919,2001,1,MARRIED,N,0,10200100109,0.0171,0.1618,0.0116,2383083,1,2.0,3,1,0,0,0,918
920,1970,1,SINGLE,N,0,10200100084,0.0724,0.2112,0.0086,2064678,0,2.0,1,1,1,0,0,919
921,1984,1,SINGLE,N,0,10200100092,0.0724,0.2112,0.0086,4332787,2,4.0,2,1,1,0,0,920
922,1967,1,SINGLE,N,0,10200100104,0.0724,0.2112,0.0086,4567981,4,4.0,1,1,1,0,0,921
923,1996,1,SINGLE,N,0,10200100084,0.0724,0.2112,0.0086,1404242,0,1.0,3,1,1,0,0,922
924,1999,1,MARRIED,N,0,10200100104,0.0412,0.1548,0.0436,1679990,4,1.0,3,1,0,0,0,923
925,1975,0,MARRIED,N,0,10200100051,0.0752,0.1268,0.0118,1377962,3,1.0,2,0,0,0,0,924
926,1978,0,MARRIED,N,0,10200100051,0.0752,0.1268,0.0118,3704292,3,3.0,2,0,0,0,0,925
927,1967,0,MARRIED,N,0,10200100104,0.0752,0.1268,0.0118,4195324,4,4.0,1,0,0,0,0,926
928,1991,0,SINGLE,Y,0,10200100051,0.1591,0.1239,0.0264,1052969,3,1.0,3,0,1,1,0,927
929,1966,1,SINGLE,Y,0,10200100084,0.1591,0.1239,0.0264,2291947,0,2.0,1,1,1,1,0,928
930,1975,1,SINGLE,Y,0,10200100104,0.1591,0.1239,0.0264,4046339,4,4.0,2,1,1,1,0,929
931,1996,1,MARRIED,Y,0,10200100104,-0.0296,0.2538,0.0389,4203509,4,4.0,3,1,0,1,0,930
932,1992,0,MARRIED,Y,0,10200100109,-0.0296,0.2538,0.0389,2913301,1,2.0,3,0,0,1,0,931
933,1987,0,MARRIED,Y,0,10200100092,-0.0296,0.2538,0.0389,4425918,2,4.0,2,0,0,1,0,932
934,1989,0,MARRIED,Y,0,10200100084,0.0401,0.0824,0.0312,4388618,0,4.0,2,0,0,1,0,933
935,1979,1,MARRIED,N,0,10200100084,-0.0484,0.0968,0.0058,4056842,0,4.0,2,1,0,0,0,934
936,1986,0,MARRIED,N,0,10200100104,-0.0484,0.0968,0.0058,4088947,4,4.0,2,0,0,0,0,935
937,1982,0,MARRIED,N,0,10200100109,-0.0484,0.0968,0.0058,5440495,1,,2,0,0,0,0,936
938,2006,0,MARRIED,N,0,10200100092,-0.0484,0.0968,0.0058,3011661,2,3.0,3,0,0,0,0,937
939,1994,0,SINGLE,N,0,10200100109,0.1736,0.2584,0.0339,3522352,1,3.0,3,0,1,0,0,938
940,1992,0,SINGLE,N,0,10200100051,0.1736,0.2584,0.0339,3297330,3,3.0,3,0,1,0,0,939
941,1986,0,SINGLE,N,0,10200100051,0.1736,0.2584,0.0339,1054339,3,1.0,2,0,1,0,0,940
942,1981,0,MARRIED,N,0,10200100051,0.0156,0.0905,0.0404,1137330,3,1.0,2,0,0,0,0,941
943,1977,0,MARRIED,N,0,10200100084,0.0156,0.0905,0.0404,1095170,0,1.0,2,0,0,0,0,942
944,1998,0,MARRIED,N,0,10200100084,0.0156,0.0905,0.0404,5021493,0,,3,0,0,0,0,943
945,1984,0,MARRIED,N,0,10200100051,0.0156,0.0905,0.0404,3337650,3,3.0,2,0,0,0,0,944
946,2004,0,SINGLE,Y,0,10200100104,-0.0957,0.2628,0.0175,2189639,4,2.0,3,0,1,1,0,945
947,1971,1,MARRIED,N,0,10200100104,0.1065,0.2368,0.0121,1986119,4,1.0,2,1,0,0,0,946
948,1966,1,MARRIED,N,0,10200100084,0.1065,0.2368,0.0121,5154671,0,,1,1,0,0,0,947
949,1985,1,MARRIED,N,0,10200100092,0.1065,0.2368,0.0121,4276388,2,4.0,2,1,0,0,0,948
950,1976,1,MARRIED,N,0,10200100092,-0.0255,0.1681,0.0475,3697237,2,3.0,2,1,0,0,0,949
951,1993,0,SINGLE,Y,0,10200100104,0.1648,0.0614,0.0174,4558355,4,4.0,3,0,1,1,0,950
952,1986,1,SINGLE,Y,0,10200100084,0.1648,0.0614,0.0174,2204210,0,2.0,2,1,1,1,0,951
953,1990,1,SINGLE,N,0,10200100084,0.1393,0.1512,0.0452,2896102,0,2.0,2,1,1,0,0,952
954,1981,0,SINGLE,N,0,10200100104,0.1393,0.1512,0.0452,2275156,4,2.0,2,0,1,0,0,953
955,1968,0,MARRIED,N,0,10200100109,0.0335,0.2433,0.0243,3917918,1,3.0,1,0,0,0,0,954
956,1970,1,MARRIED,N,0,10200100109,0.1693,0.2936,0.0105,2989040,1,2.0,1,1,0,0,0,955
957,1994,1,MARRIED,N,0,10200100109,0.1693,0.2936,0.0105,1982159,1,1.0,3,1,0,0,0,956
958,1986,1,MARRIED,N,0,10200100104,0.1693,0.2936,0.0105,4315490,4,4.0,2,1,0,0,0,957
959,1977,1,MARRIED,N,0,10200100051,0.1693,0.2936,0.0105,5213973,3,,2,1,0,0,0,958
960,1973,1,SINGLE,N,0,10200100092,0.0266,0.1314,0.0154,4158601,2,4.0,2,1,1,0,0,959
961,1992,1,SINGLE,N,0,10200100104,0.0266,0.1314,0.0154,3993979,4,3.0,3,1,1,0,0,960
962,1969,1,SINGLE,Y,0,10200100109,0.091,0.1039,0.0387,5218926,1,,1,1,1,1,0,961
963,2002,0,SINGLE,N,0,10200100051,-0.0996,0.2095,0.0497,1518925,3,1.0,3,0,1,0,0,962
964,1973,1,SINGLE,N,0,10200100084,-0.0996,0.2095,0.0497,3202573,0,3.0,2,1,1,0,0,963
965,1984,1,SINGLE,N,0,10200100084,-0.0996,0.2095,0.0497,2970736,0,2.0,2,1,1,0,0,964
966,1969,1,SINGLE,Y,0,10200100109,0.1946,0.2519,0.0497,2863627,1,2.0,1,1,1,1,0,965
967,1972,1,SINGLE,Y,0,10200100109,0.1946,0.2519,0.0497,1023583,1,1.0,2,1,1,1,0,966
968,2005,1,SINGLE,Y,0,10200100104,0.1946,0.2519,0.0497,1987228,4,1.0,3,1,1,1,0,967
